condicion,actor_id,turno,conflict_vocab_overlap_rag,conflict_vocab_overlap_base,delta_conflict_vocab_overlap,ngram_overlap_weighted_rag,ngram_overlap_weighted_base,delta_ngram_overlap_weighted,conflict_vocab_count_rag,conflict_vocab_count_base,delta_conflict_vocab_count,conflict_vocab_density_response_rag,conflict_vocab_density_response_base,delta_conflict_vocab_density_response,autenticidad_lexica_rag,autenticidad_lexica_base,delta_autenticidad_lexica,autenticidad_emocional_rag,autenticidad_emocional_base,delta_autenticidad_emocional,goal_directedness_rag,goal_directedness_base,delta_goal_directedness,tactical_consistency_rag,tactical_consistency_base,delta_tactical_consistency,factual_grounding_rag,factual_grounding_base,delta_factual_grounding,grounding_score_rag,grounding_score_base,delta_grounding_score
bdi_only,tercero,1,,,,,,,10,7,3.0,0.0938,0.0682,0.0256,4.0,4.0,0.0,3.0,3.0,0.0,4.0,4.0,0.0,4.0,4.0,0.0,4.0,3.0,1.0,,,
bdi_only,tercero,2,,,,,,,8,7,1.0,0.0488,0.0531,-0.0043,4.0,4.0,0.0,3.0,4.0,-1.0,4.0,4.0,0.0,4.0,4.0,0.0,4.0,4.0,0.0,,,
bdi_only,tercero,3,,,,,,,16,12,4.0,0.0725,0.0722,0.0003,4.0,4.0,0.0,3.0,3.0,0.0,4.0,4.0,0.0,4.0,4.0,0.0,4.0,4.0,0.0,,,
bdi_only,tercero,4,,,,,,,13,14,-1.0,0.0566,0.0521,0.0045,4.0,4.0,0.0,4.0,4.0,0.0,4.0,4.0,0.0,5.0,5.0,0.0,5.0,5.0,0.0,,,
bdi_only,tercero,5,,,,,,,13,14,-1.0,0.0725,0.0677,0.0048,4.0,4.0,0.0,4.0,4.0,0.0,4.0,4.0,0.0,5.0,5.0,0.0,4.0,4.0,0.0,,,
bdi_only,tercero,6,,,,,,,20,20,0.0,0.0976,0.1101,-0.0125,4.0,4.0,0.0,3.0,3.0,0.0,4.0,4.0,0.0,4.0,4.0,0.0,4.0,4.0,0.0,,,
bdi_only,tercero,7,,,,,,,20,13,7.0,0.088,0.0407,0.0473,4.0,4.0,0.0,4.0,3.0,1.0,4.0,4.0,0.0,4.0,4.0,0.0,4.0,4.0,0.0,,,
bdi_only,tercero,8,,,,,,,12,16,-4.0,0.0333,0.0584,-0.0251,2.0,3.0,-1.0,4.0,4.0,0.0,4.0,4.0,0.0,4.0,4.0,0.0,3.0,4.0,-1.0,,,
bdi_only,tercero,9,,,,,,,9,12,-3.0,0.0478,0.0413,0.0065,4.0,4.0,0.0,4.0,4.0,0.0,4.0,4.0,0.0,5.0,5.0,0.0,4.0,4.0,0.0,,,
bdi_only,tercero,10,,,,,,,14,17,-3.0,0.0552,0.0685,-0.0133,4.0,3.0,1.0,4.0,4.0,0.0,4.0,4.0,0.0,4.0,4.0,0.0,4.0,3.0,1.0,,,
bdi_only,tercero,11,,,,,,,16,13,3.0,0.0577,0.0537,0.004,4.0,4.0,0.0,4.0,4.0,0.0,4.0,4.0,0.0,5.0,5.0,0.0,4.0,4.0,0.0,,,
bdi_only,tercero,12,,,,,,,16,17,-1.0,0.0502,0.0442,0.006,3.0,3.0,0.0,4.0,4.0,0.0,4.0,4.0,0.0,4.0,4.0,0.0,3.0,3.0,0.0,,,
bdi_only,tercero,13,,,,,,,18,23,-5.0,0.0535,0.0736,-0.0201,3.0,3.0,0.0,4.0,3.0,1.0,4.0,4.0,0.0,5.0,5.0,0.0,4.0,4.0,0.0,,,
bdi_only,tercero,14,,,,,,,14,26,-12.0,0.0545,0.0678,-0.0133,3.0,2.0,1.0,4.0,3.0,1.0,4.0,4.0,0.0,5.0,4.0,1.0,3.0,3.0,0.0,,,
bdi_only,tercero,15,,,,,,,8,10,-2.0,0.036,0.0279,0.0081,3.0,4.0,-1.0,4.0,4.0,0.0,4.0,4.0,0.0,4.0,4.0,0.0,4.0,3.0,1.0,,,
bdi_only,tercero,16,,,,,,,13,15,-2.0,0.0423,0.0514,-0.0091,4.0,4.0,0.0,4.0,3.0,1.0,4.0,4.0,0.0,5.0,5.0,0.0,4.0,3.0,1.0,,,
bdi_only,tercero,17,,,,,,,18,22,-4.0,0.0615,0.0751,-0.0136,2.0,2.0,0.0,2.0,2.0,0.0,4.0,4.0,0.0,4.0,4.0,0.0,3.0,3.0,0.0,,,
bdi_only,tercero,18,,,,,,,25,17,8.0,0.0721,0.0798,-0.0077,2.0,2.0,0.0,3.0,3.0,0.0,4.0,4.0,0.0,4.0,5.0,-1.0,3.0,4.0,-1.0,,,
bdi_only,tercero,19,,,,,,,20,12,8.0,0.0665,0.0547,0.0118,2.0,2.0,0.0,4.0,4.0,0.0,4.0,4.0,0.0,4.0,4.0,0.0,3.0,3.0,0.0,,,
bdi_only,tercero,20,,,,,,,18,15,3.0,0.0583,0.0602,-0.0019,2.0,2.0,0.0,4.0,3.0,1.0,4.0,4.0,0.0,4.0,4.0,0.0,3.0,3.0,0.0,,,
bdi_only,tercero,21,,,,,,,14,16,-2.0,0.034,0.0415,-0.0075,3.0,4.0,-1.0,4.0,4.0,0.0,4.0,4.0,0.0,5.0,5.0,0.0,3.0,4.0,-1.0,,,
bdi_only,tercero,22,,,,,,,14,12,2.0,0.0482,0.0456,0.0026,2.0,2.0,0.0,4.0,4.0,0.0,4.0,4.0,0.0,4.0,5.0,-1.0,3.0,2.0,1.0,,,
bdi_only,tercero,23,,,,,,,19,12,7.0,0.055,0.0316,0.0234,3.0,2.0,1.0,4.0,4.0,0.0,4.0,4.0,0.0,5.0,5.0,0.0,3.0,3.0,0.0,,,
bdi_only,victima,1,,,,,,,2,6,-4.0,0.0103,0.0521,-0.0418,4.0,5.0,-1.0,4.0,4.0,0.0,4.0,4.0,0.0,5.0,5.0,0.0,4.0,4.0,0.0,,,
bdi_only,victima,2,,,,,,,10,9,1.0,0.0702,0.0734,-0.0032,4.0,4.0,0.0,4.0,4.0,0.0,4.0,4.0,0.0,5.0,5.0,0.0,4.0,4.0,0.0,,,
bdi_only,victima,3,,,,,,,9,9,0.0,0.0493,0.0596,-0.0103,4.0,4.0,0.0,3.0,3.0,0.0,4.0,4.0,0.0,5.0,5.0,0.0,4.0,2.0,2.0,,,
bdi_only,victima,4,,,,,,,5,7,-2.0,0.0333,0.0397,-0.0064,4.0,4.0,0.0,4.0,4.0,0.0,4.0,4.0,0.0,5.0,4.0,1.0,4.0,4.0,0.0,,,
bdi_only,victima,5,,,,,,,13,12,1.0,0.0704,0.0497,0.0207,4.0,4.0,0.0,4.0,4.0,0.0,4.0,4.0,0.0,5.0,5.0,0.0,4.0,4.0,0.0,,,
bdi_only,victima,6,,,,,,,8,10,-2.0,0.0464,0.0636,-0.0172,4.0,4.0,0.0,4.0,4.0,0.0,4.0,4.0,0.0,4.0,4.0,0.0,5.0,4.0,1.0,,,
bdi_only,victima,7,,,,,,,7,7,0.0,0.0432,0.022,0.0212,4.0,4.0,0.0,4.0,4.0,0.0,4.0,4.0,0.0,5.0,5.0,0.0,3.0,4.0,-1.0,,,
bdi_only,victima,8,,,,,,,11,8,3.0,0.0516,0.0449,0.0067,4.0,4.0,0.0,3.0,4.0,-1.0,4.0,4.0,0.0,5.0,4.0,1.0,4.0,4.0,0.0,,,
bdi_only,victima,9,,,,,,,9,13,-4.0,0.0407,0.0529,-0.0122,3.0,3.0,0.0,4.0,3.0,1.0,4.0,4.0,0.0,5.0,5.0,0.0,4.0,4.0,0.0,,,
bdi_only,victima,10,,,,,,,9,10,-1.0,0.0452,0.049,-0.0038,4.0,4.0,0.0,4.0,4.0,0.0,4.0,4.0,0.0,5.0,4.0,1.0,4.0,4.0,0.0,,,
bdi_only,victima,11,,,,,,,11,9,2.0,0.0283,0.0418,-0.0135,2.0,3.0,-1.0,4.0,4.0,0.0,4.0,4.0,0.0,5.0,5.0,0.0,4.0,4.0,0.0,,,
bdi_only,victima,12,,,,,,,9,9,0.0,0.0363,0.0378,-0.0015,3.0,4.0,-1.0,3.0,3.0,0.0,4.0,4.0,0.0,4.0,4.0,0.0,4.0,4.0,0.0,,,
bdi_only,victima,13,,,,,,,9,7,2.0,0.0429,0.0355,0.0074,2.0,3.0,-1.0,4.0,3.0,1.0,4.0,4.0,0.0,4.0,5.0,-1.0,4.0,4.0,0.0,,,
bdi_only,victima,14,,,,,,,7,6,1.0,0.0222,0.0215,0.0007,2.0,3.0,-1.0,3.0,3.0,0.0,4.0,4.0,0.0,4.0,5.0,-1.0,4.0,4.0,0.0,,,
bdi_only,victima,15,,,,,,,14,12,2.0,0.0667,0.0579,0.0088,2.0,4.0,-2.0,3.0,4.0,-1.0,4.0,4.0,0.0,4.0,5.0,-1.0,4.0,4.0,0.0,,,
bdi_only,victima,16,,,,,,,10,9,1.0,0.0472,0.0267,0.0205,2.0,2.0,0.0,3.0,2.0,1.0,4.0,4.0,0.0,4.0,3.0,1.0,3.0,3.0,0.0,,,
bdi_only,victima,17,,,,,,,14,13,1.0,0.0882,0.0693,0.0189,3.0,3.0,0.0,2.0,2.0,0.0,4.0,4.0,0.0,4.0,4.0,0.0,4.0,3.0,1.0,,,
bdi_only,victima,18,,,,,,,21,16,5.0,0.1,0.0932,0.0068,2.0,2.0,0.0,2.0,2.0,0.0,4.0,4.0,0.0,2.0,2.0,0.0,3.0,4.0,-1.0,,,
bdi_only,victima,19,,,,,,,16,8,8.0,0.0482,0.0248,0.0234,2.0,2.0,0.0,2.0,2.0,0.0,4.0,4.0,0.0,2.0,4.0,-2.0,4.0,4.0,0.0,,,
bdi_only,victima,20,,,,,,,19,18,1.0,0.0766,0.0545,0.0221,2.0,3.0,-1.0,2.0,2.0,0.0,4.0,4.0,0.0,4.0,4.0,0.0,4.0,4.0,0.0,,,
bdi_only,victima,21,,,,,,,15,11,4.0,0.05,0.0504,-0.0004,3.0,3.0,0.0,4.0,4.0,0.0,4.0,4.0,0.0,5.0,4.0,1.0,4.0,4.0,0.0,,,
bdi_only,victima,22,,,,,,,13,14,-1.0,0.0611,0.0635,-0.0024,2.0,2.0,0.0,3.0,2.0,1.0,4.0,4.0,0.0,4.0,4.0,0.0,4.0,4.0,0.0,,,
bdi_only,victima,23,,,,,,,9,8,1.0,0.0187,0.0351,-0.0164,2.0,2.0,0.0,2.0,3.0,-1.0,4.0,4.0,0.0,1.0,4.0,-3.0,3.0,4.0,-1.0,,,
bdi_only,victimario,1,,,,,,,6,2,4.0,0.0484,0.0274,0.021,2.0,3.0,-1.0,3.0,3.0,0.0,4.0,4.0,0.0,4.0,5.0,-1.0,4.0,4.0,0.0,,,
bdi_only,victimario,2,,,,,,,2,6,-4.0,0.0282,0.0519,-0.0237,4.0,3.0,1.0,3.0,4.0,-1.0,4.0,4.0,0.0,4.0,4.0,0.0,3.0,3.0,0.0,,,
bdi_only,victimario,3,,,,,,,2,6,-4.0,0.0177,0.0354,-0.0177,3.0,2.0,1.0,4.0,4.0,0.0,4.0,4.0,0.0,4.0,5.0,-1.0,4.0,3.0,1.0,,,
bdi_only,victimario,4,,,,,,,5,5,0.0,0.0417,0.0339,0.0078,2.0,3.0,-1.0,3.0,3.0,0.0,4.0,4.0,0.0,4.0,4.0,0.0,3.0,4.0,-1.0,,,
bdi_only,victimario,5,,,,,,,9,6,3.0,0.0381,0.0421,-0.004,2.0,3.0,-1.0,4.0,3.0,1.0,4.0,4.0,0.0,4.0,4.0,0.0,4.0,3.0,1.0,,,
bdi_only,victimario,6,,,,,,,7,5,2.0,0.0672,0.0545,0.0127,3.0,3.0,0.0,3.0,3.0,0.0,4.0,4.0,0.0,4.0,3.0,1.0,4.0,4.0,0.0,,,
bdi_only,victimario,7,,,,,,,6,10,-4.0,0.0133,0.0288,-0.0155,3.0,3.0,0.0,3.0,2.0,1.0,4.0,4.0,0.0,4.0,2.0,2.0,4.0,4.0,0.0,,,
bdi_only,victimario,8,,,,,,,11,12,-1.0,0.0548,0.0573,-0.0025,3.0,2.0,1.0,4.0,4.0,0.0,4.0,4.0,0.0,4.0,4.0,0.0,4.0,4.0,0.0,,,
bdi_only,victimario,9,,,,,,,3,11,-8.0,0.027,0.0479,-0.0209,2.0,3.0,-1.0,4.0,4.0,0.0,4.0,4.0,0.0,4.0,4.0,0.0,4.0,4.0,0.0,,,
bdi_only,victimario,10,,,,,,,11,8,3.0,0.0415,0.0355,0.006,2.0,2.0,0.0,3.0,4.0,-1.0,4.0,4.0,0.0,4.0,4.0,0.0,4.0,4.0,0.0,,,
bdi_only,victimario,11,,,,,,,6,5,1.0,0.0473,0.0403,0.007,2.0,2.0,0.0,3.0,3.0,0.0,4.0,4.0,0.0,2.0,4.0,-2.0,3.0,2.0,1.0,,,
bdi_only,victimario,12,,,,,,,3,3,0.0,0.014,0.0276,-0.0136,2.0,2.0,0.0,3.0,3.0,0.0,4.0,4.0,0.0,4.0,4.0,0.0,2.0,2.0,0.0,,,
bdi_only,victimario,13,,,,,,,3,6,-3.0,0.029,0.0283,0.0007,2.0,2.0,0.0,3.0,3.0,0.0,4.0,4.0,0.0,4.0,4.0,0.0,3.0,2.0,1.0,,,
bdi_only,victimario,14,,,,,,,6,7,-1.0,0.0245,0.028,-0.0035,2.0,2.0,0.0,3.0,3.0,0.0,4.0,4.0,0.0,4.0,4.0,0.0,3.0,2.0,1.0,,,
bdi_only,victimario,15,,,,,,,8,9,-1.0,0.0375,0.0309,0.0066,2.0,2.0,0.0,2.0,2.0,0.0,4.0,4.0,0.0,5.0,4.0,1.0,2.0,2.0,0.0,,,
bdi_only,victimario,16,,,,,,,3,5,-2.0,0.0172,0.0133,0.0039,1.0,1.0,0.0,2.0,2.0,0.0,4.0,4.0,0.0,4.0,4.0,0.0,4.0,3.0,1.0,,,
bdi_only,victimario,17,,,,,,,7,9,-2.0,0.0395,0.0314,0.0081,2.0,2.0,0.0,3.0,3.0,0.0,4.0,4.0,0.0,4.0,4.0,0.0,4.0,4.0,0.0,,,
bdi_only,victimario,18,,,,,,,7,8,-1.0,0.0408,0.0414,-0.0006,2.0,1.0,1.0,3.0,2.0,1.0,4.0,4.0,0.0,4.0,4.0,0.0,3.0,4.0,-1.0,,,
bdi_only,victimario,19,,,,,,,10,13,-3.0,0.0297,0.0466,-0.0169,2.0,2.0,0.0,3.0,3.0,0.0,4.0,4.0,0.0,4.0,4.0,0.0,3.0,3.0,0.0,,,
bdi_only,victimario,20,,,,,,,16,13,3.0,0.0513,0.041,0.0103,2.0,2.0,0.0,3.0,3.0,0.0,4.0,4.0,0.0,4.0,4.0,0.0,2.0,3.0,-1.0,,,
bdi_only,victimario,21,,,,,,,6,7,-1.0,0.0164,0.0195,-0.0031,2.0,1.0,1.0,2.0,2.0,0.0,4.0,4.0,0.0,1.0,4.0,-3.0,2.0,3.0,-1.0,,,
bdi_only,victimario,22,,,,,,,7,5,2.0,0.0199,0.022,-0.0021,2.0,2.0,0.0,3.0,3.0,0.0,4.0,4.0,0.0,4.0,5.0,-1.0,2.0,2.0,0.0,,,
bdi_only,victimario,23,,,,,,,5,6,-1.0,0.018,0.0303,-0.0123,1.0,1.0,0.0,1.0,2.0,-1.0,4.0,4.0,0.0,2.0,2.0,0.0,4.0,3.0,1.0,,,
bdi_rag,tercero,1,0.4444,,,0.5222,,,15,7,8.0,0.1238,0.0682,0.0556,4.0,4.0,0.0,3.0,3.0,0.0,4.0,4.0,0.0,4.0,4.0,0.0,4.0,3.0,1.0,0.3453,,
bdi_rag,tercero,2,0.3125,,,0.4562,,,14,7,7.0,0.0976,0.0531,0.0445,4.0,4.0,0.0,4.0,4.0,0.0,4.0,4.0,0.0,4.0,4.0,0.0,4.0,4.0,0.0,0.3049,,
bdi_rag,tercero,3,0.3684,,,0.1842,,,12,12,0.0,0.0633,0.0722,-0.0089,4.0,4.0,0.0,4.0,3.0,1.0,4.0,4.0,0.0,4.0,4.0,0.0,4.0,4.0,0.0,0.5619,,
bdi_rag,tercero,4,0.625,,,0.6125,,,15,14,1.0,0.0671,0.0521,0.015,4.0,4.0,0.0,4.0,4.0,0.0,4.0,4.0,0.0,5.0,5.0,0.0,4.0,5.0,-1.0,0.603,,
bdi_rag,tercero,5,0.6,,,0.3,,,16,14,2.0,0.1125,0.0677,0.0448,4.0,4.0,0.0,3.0,4.0,-1.0,4.0,4.0,0.0,4.0,5.0,-1.0,4.0,4.0,0.0,0.5107,,
bdi_rag,tercero,6,0.875,,,0.7375,,,21,20,1.0,0.1076,0.1101,-0.0025,4.0,4.0,0.0,3.0,3.0,0.0,4.0,4.0,0.0,4.0,4.0,0.0,4.0,4.0,0.0,0.5087,,
bdi_rag,tercero,7,0.7143,,,0.6572,,,19,13,6.0,0.1257,0.0407,0.085,4.0,4.0,0.0,4.0,3.0,1.0,4.0,4.0,0.0,4.0,4.0,0.0,4.0,4.0,0.0,0.5356,,
bdi_rag,tercero,8,0.625,,,0.6125,,,15,16,-1.0,0.067,0.0584,0.0086,3.0,3.0,0.0,3.0,4.0,-1.0,4.0,4.0,0.0,4.0,4.0,0.0,4.0,4.0,0.0,0.2964,,
bdi_rag,tercero,9,0.5,,,0.25,,,11,12,-1.0,0.0469,0.0413,0.0056,4.0,4.0,0.0,4.0,4.0,0.0,4.0,4.0,0.0,4.0,5.0,-1.0,4.0,4.0,0.0,0.3922,,
bdi_rag,tercero,10,0.5161,,,0.4581,,,21,17,4.0,0.088,0.0685,0.0195,4.0,3.0,1.0,4.0,4.0,0.0,4.0,4.0,0.0,4.0,4.0,0.0,4.0,3.0,1.0,0.445,,
bdi_rag,tercero,11,0.4,,,0.5,,,18,13,5.0,0.0707,0.0537,0.017,4.0,4.0,0.0,4.0,4.0,0.0,4.0,4.0,0.0,4.0,5.0,-1.0,3.0,4.0,-1.0,0.5143,,
bdi_rag,tercero,12,0.75,,,0.525,,,15,17,-2.0,0.0498,0.0442,0.0056,3.0,3.0,0.0,4.0,4.0,0.0,4.0,4.0,0.0,4.0,4.0,0.0,3.0,3.0,0.0,0.4872,,
bdi_rag,tercero,13,0.7647,,,0.6824,,,22,23,-1.0,0.0794,0.0736,0.0058,2.0,3.0,-1.0,3.0,3.0,0.0,4.0,4.0,0.0,4.0,5.0,-1.0,3.0,4.0,-1.0,0.4529,,
bdi_rag,tercero,14,0.3889,,,0.1945,,,12,26,-14.0,0.037,0.0678,-0.0308,4.0,2.0,2.0,4.0,3.0,1.0,4.0,4.0,0.0,5.0,4.0,1.0,4.0,3.0,1.0,0.4224,,
bdi_rag,tercero,15,0.625,,,0.3125,,,15,10,5.0,0.0483,0.0279,0.0204,4.0,4.0,0.0,4.0,4.0,0.0,4.0,4.0,0.0,4.0,4.0,0.0,4.0,3.0,1.0,0.487,,
bdi_rag,tercero,16,0.4167,,,0.2084,,,10,15,-5.0,0.0418,0.0514,-0.0096,4.0,4.0,0.0,4.0,3.0,1.0,4.0,4.0,0.0,5.0,5.0,0.0,4.0,3.0,1.0,0.3368,,
bdi_rag,tercero,17,0.2727,,,0.1363,,,16,22,-6.0,0.0763,0.0751,0.0012,2.0,2.0,0.0,2.0,2.0,0.0,4.0,4.0,0.0,4.0,4.0,0.0,4.0,3.0,1.0,0.6126,,
bdi_rag,tercero,18,0.75,,,0.675,,,26,17,9.0,0.098,0.0798,0.0182,4.0,2.0,2.0,4.0,3.0,1.0,4.0,4.0,0.0,4.0,5.0,-1.0,4.0,4.0,0.0,0.3435,,
bdi_rag,tercero,19,0.7,,,0.35,,,18,12,6.0,0.0759,0.0547,0.0212,3.0,2.0,1.0,4.0,4.0,0.0,4.0,4.0,0.0,5.0,4.0,1.0,4.0,3.0,1.0,0.3582,,
bdi_rag,tercero,20,0.2632,,,0.2816,,,15,15,0.0,0.046,0.0602,-0.0142,4.0,2.0,2.0,4.0,3.0,1.0,4.0,4.0,0.0,5.0,4.0,1.0,3.0,3.0,0.0,0.4534,,
bdi_rag,tercero,21,0.5,,,0.25,,,13,16,-3.0,0.0471,0.0415,0.0056,4.0,4.0,0.0,4.0,4.0,0.0,4.0,4.0,0.0,5.0,5.0,0.0,4.0,4.0,0.0,0.5417,,
bdi_rag,tercero,22,0.5556,,,0.2778,,,9,12,-3.0,0.0276,0.0456,-0.018,4.0,2.0,2.0,4.0,4.0,0.0,4.0,4.0,0.0,5.0,5.0,0.0,3.0,2.0,1.0,0.5903,,
bdi_rag,tercero,23,0.5789,,,0.5895,,,23,12,11.0,0.0637,0.0316,0.0321,4.0,2.0,2.0,4.0,4.0,0.0,4.0,4.0,0.0,5.0,5.0,0.0,3.0,3.0,0.0,0.4721,,
bdi_rag,victima,1,0.2857,,,0.1429,,,14,6,8.0,0.0972,0.0521,0.0451,3.0,5.0,-2.0,3.0,4.0,-1.0,4.0,4.0,0.0,4.0,5.0,-1.0,5.0,4.0,1.0,0.4262,,
bdi_rag,victima,2,0.4286,,,0.2143,,,19,9,10.0,0.123,0.0734,0.0496,3.0,4.0,-1.0,2.0,4.0,-2.0,4.0,4.0,0.0,4.0,5.0,-1.0,5.0,4.0,1.0,0.4673,,
bdi_rag,victima,3,0.2308,,,0.1154,,,18,9,9.0,0.1,0.0596,0.0404,4.0,4.0,0.0,3.0,3.0,0.0,4.0,4.0,0.0,5.0,5.0,0.0,4.0,2.0,2.0,0.3181,,
bdi_rag,victima,4,0.0,,,0.0,,,6,7,-1.0,0.0603,0.0397,0.0206,3.0,4.0,-1.0,4.0,4.0,0.0,4.0,4.0,0.0,5.0,4.0,1.0,4.0,4.0,0.0,0.1261,,
bdi_rag,victima,5,0.2105,,,0.1052,,,12,12,0.0,0.0625,0.0497,0.0128,4.0,4.0,0.0,4.0,4.0,0.0,4.0,4.0,0.0,5.0,5.0,0.0,5.0,4.0,1.0,0.3535,,
bdi_rag,victima,6,0.25,,,0.125,,,18,10,8.0,0.1223,0.0636,0.0587,3.0,4.0,-1.0,2.0,4.0,-2.0,4.0,4.0,0.0,4.0,4.0,0.0,5.0,4.0,1.0,0.5536,,
bdi_rag,victima,7,0.3182,,,0.1591,,,10,7,3.0,0.0516,0.022,0.0296,4.0,4.0,0.0,4.0,4.0,0.0,4.0,4.0,0.0,5.0,5.0,0.0,4.0,4.0,0.0,0.3164,,
bdi_rag,victima,8,0.5,,,0.25,,,13,8,5.0,0.0827,0.0449,0.0378,3.0,4.0,-1.0,3.0,4.0,-1.0,4.0,4.0,0.0,5.0,4.0,1.0,5.0,4.0,1.0,0.1564,,
bdi_rag,victima,9,0.4667,,,0.2334,,,12,13,-1.0,0.0651,0.0529,0.0122,4.0,3.0,1.0,3.0,3.0,0.0,4.0,4.0,0.0,5.0,5.0,0.0,4.0,4.0,0.0,0.1326,,
bdi_rag,victima,10,0.3333,,,0.1666,,,7,10,-3.0,0.0485,0.049,-0.0005,4.0,4.0,0.0,3.0,4.0,-1.0,4.0,4.0,0.0,4.0,4.0,0.0,4.0,4.0,0.0,0.2312,,
bdi_rag,victima,11,0.3571,,,0.1785,,,11,9,2.0,0.0683,0.0418,0.0265,4.0,3.0,1.0,4.0,4.0,0.0,4.0,4.0,0.0,5.0,5.0,0.0,4.0,4.0,0.0,0.311,,
bdi_rag,victima,12,0.5,,,0.25,,,7,9,-2.0,0.023,0.0378,-0.0148,3.0,4.0,-1.0,3.0,3.0,0.0,4.0,4.0,0.0,4.0,4.0,0.0,4.0,4.0,0.0,0.4641,,
bdi_rag,victima,13,0.3636,,,0.3318,,,8,7,1.0,0.0556,0.0355,0.0201,2.0,3.0,-1.0,4.0,3.0,1.0,4.0,4.0,0.0,4.0,5.0,-1.0,4.0,4.0,0.0,0.5166,,
bdi_rag,victima,14,0.5,,,0.25,,,4,6,-2.0,0.0312,0.0215,0.0097,3.0,3.0,0.0,3.0,3.0,0.0,4.0,4.0,0.0,4.0,5.0,-1.0,4.0,4.0,0.0,0.5722,,
bdi_rag,victima,15,0.2105,,,0.1052,,,12,12,0.0,0.0699,0.0579,0.012,3.0,4.0,-1.0,3.0,4.0,-1.0,4.0,4.0,0.0,4.0,5.0,-1.0,4.0,4.0,0.0,0.3807,,
bdi_rag,victima,16,0.2,,,0.1,,,9,9,0.0,0.0426,0.0267,0.0159,4.0,2.0,2.0,4.0,2.0,2.0,4.0,4.0,0.0,4.0,3.0,1.0,4.0,3.0,1.0,0.343,,
bdi_rag,victima,17,0.4737,,,0.2369,,,17,13,4.0,0.1084,0.0693,0.0391,4.0,3.0,1.0,4.0,2.0,2.0,4.0,4.0,0.0,5.0,4.0,1.0,4.0,3.0,1.0,0.3627,,
bdi_rag,victima,18,0.5,,,0.55,,,13,16,-3.0,0.0828,0.0932,-0.0104,3.0,2.0,1.0,3.0,2.0,1.0,4.0,4.0,0.0,3.0,2.0,1.0,4.0,4.0,0.0,0.4717,,
bdi_rag,victima,19,0.4615,,,0.2308,,,12,8,4.0,0.0485,0.0248,0.0237,2.0,2.0,0.0,2.0,2.0,0.0,4.0,4.0,0.0,4.0,4.0,0.0,4.0,4.0,0.0,0.4363,,
bdi_rag,victima,20,0.7059,,,0.6529,,,19,18,1.0,0.1095,0.0545,0.055,4.0,3.0,1.0,3.0,2.0,1.0,4.0,4.0,0.0,4.0,4.0,0.0,4.0,4.0,0.0,0.5181,,
bdi_rag,victima,21,0.6111,,,0.6056,,,15,11,4.0,0.0995,0.0504,0.0491,4.0,3.0,1.0,4.0,4.0,0.0,4.0,4.0,0.0,4.0,4.0,0.0,4.0,4.0,0.0,0.3904,,
bdi_rag,victima,22,0.4706,,,0.5353,,,16,14,2.0,0.0982,0.0635,0.0347,4.0,2.0,2.0,3.0,2.0,1.0,4.0,4.0,0.0,4.0,4.0,0.0,4.0,4.0,0.0,0.5115,,
bdi_rag,victima,23,0.1429,,,0.0714,,,5,8,-3.0,0.013,0.0351,-0.0221,3.0,2.0,1.0,3.0,3.0,0.0,4.0,4.0,0.0,4.0,4.0,0.0,4.0,4.0,0.0,0.2957,,
bdi_rag,victimario,1,0.2,,,0.1,,,7,2,5.0,0.087,0.0274,0.0596,2.0,3.0,-1.0,3.0,3.0,0.0,4.0,4.0,0.0,4.0,5.0,-1.0,4.0,4.0,0.0,0.3078,,
bdi_rag,victimario,2,0.2308,,,0.1154,,,8,6,2.0,0.0938,0.0519,0.0419,3.0,3.0,0.0,3.0,4.0,-1.0,4.0,4.0,0.0,4.0,4.0,0.0,4.0,3.0,1.0,0.224,,
bdi_rag,victimario,3,0.1333,,,0.0667,,,5,6,-1.0,0.0361,0.0354,0.0007,3.0,2.0,1.0,3.0,4.0,-1.0,4.0,4.0,0.0,4.0,5.0,-1.0,4.0,3.0,1.0,0.399,,
bdi_rag,victimario,4,0.2381,,,0.1191,,,6,5,1.0,0.0417,0.0339,0.0078,4.0,3.0,1.0,2.0,3.0,-1.0,4.0,4.0,0.0,4.0,4.0,0.0,4.0,4.0,0.0,0.4494,,
bdi_rag,victimario,5,0.0,,,0.0,,,4,6,-2.0,0.0781,0.0421,0.036,2.0,3.0,-1.0,2.0,3.0,-1.0,4.0,4.0,0.0,2.0,4.0,-2.0,3.0,3.0,0.0,0.359,,
bdi_rag,victimario,6,0.1333,,,0.0667,,,5,5,0.0,0.0667,0.0545,0.0122,3.0,3.0,0.0,3.0,3.0,0.0,4.0,4.0,0.0,4.0,3.0,1.0,4.0,4.0,0.0,0.5183,,
bdi_rag,victimario,7,0.3077,,,0.4538,,,5,10,-5.0,0.0367,0.0288,0.0079,3.0,3.0,0.0,2.0,2.0,0.0,4.0,4.0,0.0,2.0,2.0,0.0,2.0,4.0,-2.0,0.5137,,
bdi_rag,victimario,8,0.2759,,,0.1379,,,10,12,-2.0,0.0437,0.0573,-0.0136,3.0,2.0,1.0,3.0,4.0,-1.0,4.0,4.0,0.0,4.0,4.0,0.0,4.0,4.0,0.0,0.4391,,
bdi_rag,victimario,9,0.3571,,,0.1785,,,7,11,-4.0,0.0269,0.0479,-0.021,4.0,3.0,1.0,4.0,4.0,0.0,4.0,4.0,0.0,4.0,4.0,0.0,4.0,4.0,0.0,0.513,,
bdi_rag,victimario,10,0.0,,,0.0,,,5,8,-3.0,0.0287,0.0355,-0.0068,2.0,2.0,0.0,4.0,4.0,0.0,4.0,4.0,0.0,5.0,4.0,1.0,3.0,4.0,-1.0,0.1845,,
bdi_rag,victimario,11,0.25,,,0.125,,,4,5,-1.0,0.0238,0.0403,-0.0165,2.0,2.0,0.0,4.0,3.0,1.0,4.0,4.0,0.0,3.0,4.0,-1.0,3.0,2.0,1.0,0.3598,,
bdi_rag,victimario,12,0.0,,,0.0,,,1,3,-2.0,0.0066,0.0276,-0.021,2.0,2.0,0.0,3.0,3.0,0.0,4.0,4.0,0.0,4.0,4.0,0.0,3.0,2.0,1.0,0.4305,,
bdi_rag,victimario,13,0.4,,,0.2,,,10,6,4.0,0.0519,0.0283,0.0236,2.0,2.0,0.0,4.0,3.0,1.0,4.0,4.0,0.0,4.0,4.0,0.0,3.0,2.0,1.0,0.343,,
bdi_rag,victimario,14,0.4545,,,0.2273,,,10,7,3.0,0.0497,0.028,0.0217,2.0,2.0,0.0,4.0,3.0,1.0,4.0,4.0,0.0,4.0,4.0,0.0,2.0,2.0,0.0,0.3767,,
bdi_rag,victimario,15,0.1667,,,0.0833,,,4,9,-5.0,0.0282,0.0309,-0.0027,2.0,2.0,0.0,4.0,2.0,2.0,4.0,4.0,0.0,5.0,4.0,1.0,2.0,2.0,0.0,0.2015,,
bdi_rag,victimario,16,0.4,,,0.2,,,6,5,1.0,0.0316,0.0133,0.0183,2.0,1.0,1.0,4.0,2.0,2.0,4.0,4.0,0.0,4.0,4.0,0.0,4.0,3.0,1.0,0.3578,,
bdi_rag,victimario,17,1.0,,,0.5,,,9,9,0.0,0.0468,0.0314,0.0154,3.0,2.0,1.0,3.0,3.0,0.0,4.0,4.0,0.0,5.0,4.0,1.0,4.0,4.0,0.0,0.5317,,
bdi_rag,victimario,18,0.0,,,0.0,,,8,8,0.0,0.0366,0.0414,-0.0048,2.0,1.0,1.0,3.0,2.0,1.0,4.0,4.0,0.0,4.0,4.0,0.0,2.0,4.0,-2.0,0.108,,
bdi_rag,victimario,19,0.5833,,,0.2917,,,13,13,0.0,0.0575,0.0466,0.0109,2.0,2.0,0.0,4.0,3.0,1.0,4.0,4.0,0.0,4.0,4.0,0.0,3.0,3.0,0.0,0.3211,,
bdi_rag,victimario,20,0.8571,,,0.4285,,,13,13,0.0,0.039,0.041,-0.002,2.0,2.0,0.0,4.0,3.0,1.0,4.0,4.0,0.0,4.0,4.0,0.0,4.0,3.0,1.0,0.5185,,
bdi_rag,victimario,21,0.2,,,0.1,,,7,7,0.0,0.0116,0.0195,-0.0079,2.0,1.0,1.0,4.0,2.0,2.0,4.0,4.0,0.0,4.0,4.0,0.0,3.0,3.0,0.0,0.2637,,
bdi_rag,victimario,22,1.0,,,0.5,,,6,5,1.0,0.0255,0.022,0.0035,2.0,2.0,0.0,3.0,3.0,0.0,4.0,4.0,0.0,4.0,5.0,-1.0,4.0,2.0,2.0,0.3883,,
bdi_rag,victimario,23,0.0,,,0.0,,,4,6,-2.0,0.0186,0.0303,-0.0117,1.0,1.0,0.0,2.0,2.0,0.0,4.0,4.0,0.0,4.0,2.0,2.0,3.0,3.0,0.0,0.1488,,
rag_only,tercero,1,0.3,,,0.15,,,6,7,-1.0,0.0645,0.0682,-0.0037,4.0,4.0,0.0,3.0,3.0,0.0,4.0,4.0,0.0,4.0,4.0,0.0,3.0,3.0,0.0,0.368,,
rag_only,tercero,2,0.5,,,0.55,,,13,7,6.0,0.0826,0.0531,0.0295,4.0,4.0,0.0,4.0,4.0,0.0,4.0,4.0,0.0,4.0,4.0,0.0,3.0,4.0,-1.0,0.3637,,
rag_only,tercero,3,0.7222,,,0.6611,,,18,12,6.0,0.0726,0.0722,0.0004,4.0,4.0,0.0,4.0,3.0,1.0,4.0,4.0,0.0,4.0,4.0,0.0,4.0,4.0,0.0,0.5037,,
rag_only,tercero,4,0.7,,,0.35,,,10,14,-4.0,0.0443,0.0521,-0.0078,4.0,4.0,0.0,4.0,4.0,0.0,4.0,4.0,0.0,5.0,5.0,0.0,5.0,5.0,0.0,0.5068,,
rag_only,tercero,5,0.5,,,0.55,,,15,14,1.0,0.0867,0.0677,0.019,4.0,4.0,0.0,4.0,4.0,0.0,4.0,4.0,0.0,4.0,5.0,-1.0,4.0,4.0,0.0,0.353,,
rag_only,tercero,6,0.8667,,,0.5834,,,17,20,-3.0,0.0919,0.1101,-0.0182,4.0,4.0,0.0,4.0,3.0,1.0,4.0,4.0,0.0,4.0,4.0,0.0,4.0,4.0,0.0,0.5297,,
rag_only,tercero,7,0.5833,,,0.5917,,,22,13,9.0,0.1055,0.0407,0.0648,4.0,4.0,0.0,4.0,3.0,1.0,4.0,4.0,0.0,4.0,4.0,0.0,4.0,4.0,0.0,0.4235,,
rag_only,tercero,8,0.5909,,,0.2954,,,21,16,5.0,0.0622,0.0584,0.0038,3.0,3.0,0.0,3.0,4.0,-1.0,4.0,4.0,0.0,4.0,4.0,0.0,4.0,4.0,0.0,0.4553,,
rag_only,tercero,9,0.375,,,0.4875,,,11,12,-1.0,0.0539,0.0413,0.0126,4.0,4.0,0.0,4.0,4.0,0.0,4.0,4.0,0.0,4.0,5.0,-1.0,4.0,4.0,0.0,0.4197,,
rag_only,tercero,10,0.5333,,,0.3666,,,24,17,7.0,0.0629,0.0685,-0.0056,4.0,3.0,1.0,4.0,4.0,0.0,4.0,4.0,0.0,4.0,4.0,0.0,4.0,3.0,1.0,0.5138,,
rag_only,tercero,11,0.3,,,0.15,,,12,13,-1.0,0.0509,0.0537,-0.0028,4.0,4.0,0.0,4.0,4.0,0.0,4.0,4.0,0.0,5.0,5.0,0.0,4.0,4.0,0.0,0.3072,,
rag_only,tercero,12,0.4,,,0.2,,,10,17,-7.0,0.052,0.0442,0.0078,4.0,3.0,1.0,4.0,4.0,0.0,4.0,4.0,0.0,5.0,4.0,1.0,3.0,3.0,0.0,0.4043,,
rag_only,tercero,13,0.4444,,,0.3222,,,17,23,-6.0,0.072,0.0736,-0.0016,3.0,3.0,0.0,4.0,3.0,1.0,4.0,4.0,0.0,4.0,5.0,-1.0,4.0,4.0,0.0,0.3641,,
rag_only,tercero,14,0.1429,,,0.0714,,,7,26,-19.0,0.0214,0.0678,-0.0464,4.0,2.0,2.0,4.0,3.0,1.0,4.0,4.0,0.0,5.0,4.0,1.0,4.0,3.0,1.0,0.3375,,
rag_only,tercero,15,0.3333,,,0.1666,,,11,10,1.0,0.0376,0.0279,0.0097,3.0,4.0,-1.0,4.0,4.0,0.0,4.0,4.0,0.0,4.0,4.0,0.0,4.0,3.0,1.0,0.5445,,
rag_only,tercero,16,0.5,,,0.25,,,11,15,-4.0,0.0359,0.0514,-0.0155,4.0,4.0,0.0,4.0,3.0,1.0,4.0,4.0,0.0,5.0,5.0,0.0,4.0,3.0,1.0,0.421,,
rag_only,tercero,17,0.3889,,,0.1945,,,14,22,-8.0,0.0393,0.0751,-0.0358,2.0,2.0,0.0,2.0,2.0,0.0,4.0,4.0,0.0,4.0,4.0,0.0,3.0,3.0,0.0,0.3067,,
rag_only,tercero,18,0.9231,,,0.7615,,,17,17,0.0,0.083,0.0798,0.0032,4.0,2.0,2.0,4.0,3.0,1.0,4.0,4.0,0.0,4.0,5.0,-1.0,4.0,4.0,0.0,0.5163,,
rag_only,tercero,19,0.5,,,0.25,,,20,12,8.0,0.0887,0.0547,0.034,2.0,2.0,0.0,4.0,4.0,0.0,4.0,4.0,0.0,4.0,4.0,0.0,4.0,3.0,1.0,0.5774,,
rag_only,tercero,20,0.4737,,,0.2369,,,13,15,-2.0,0.0464,0.0602,-0.0138,4.0,2.0,2.0,4.0,3.0,1.0,4.0,4.0,0.0,4.0,4.0,0.0,4.0,3.0,1.0,0.5941,,
rag_only,tercero,21,0.3571,,,0.1785,,,10,16,-6.0,0.0444,0.0415,0.0029,4.0,4.0,0.0,4.0,4.0,0.0,4.0,4.0,0.0,5.0,5.0,0.0,4.0,4.0,0.0,0.5498,,
rag_only,tercero,22,0.2857,,,0.1429,,,8,12,-4.0,0.0318,0.0456,-0.0138,2.0,2.0,0.0,4.0,4.0,0.0,4.0,4.0,0.0,4.0,5.0,-1.0,4.0,2.0,2.0,0.5973,,
rag_only,tercero,23,0.5882,,,0.4941,,,17,12,5.0,0.0639,0.0316,0.0323,4.0,2.0,2.0,4.0,4.0,0.0,4.0,4.0,0.0,5.0,5.0,0.0,3.0,3.0,0.0,0.5389,,
rag_only,victima,1,0.4545,,,0.5272,,,11,6,5.0,0.0826,0.0521,0.0305,4.0,5.0,-1.0,4.0,4.0,0.0,4.0,4.0,0.0,5.0,5.0,0.0,4.0,4.0,0.0,0.2944,,
rag_only,victima,2,0.3333,,,0.4667,,,13,9,4.0,0.1101,0.0734,0.0367,4.0,4.0,0.0,4.0,4.0,0.0,4.0,4.0,0.0,4.0,5.0,-1.0,4.0,4.0,0.0,0.3872,,
rag_only,victima,3,0.3889,,,0.4945,,,20,9,11.0,0.1019,0.0596,0.0423,4.0,4.0,0.0,3.0,3.0,0.0,4.0,4.0,0.0,5.0,5.0,0.0,3.0,2.0,1.0,0.2185,,
rag_only,victima,4,0.15,,,0.075,,,8,7,1.0,0.0909,0.0397,0.0512,4.0,4.0,0.0,4.0,4.0,0.0,4.0,4.0,0.0,5.0,4.0,1.0,4.0,4.0,0.0,0.1996,,
rag_only,victima,5,0.2143,,,0.1071,,,10,12,-2.0,0.0588,0.0497,0.0091,4.0,4.0,0.0,4.0,4.0,0.0,4.0,4.0,0.0,5.0,5.0,0.0,4.0,4.0,0.0,0.4743,,
rag_only,victima,6,0.6429,,,0.3215,,,19,10,9.0,0.1172,0.0636,0.0536,3.0,4.0,-1.0,3.0,4.0,-1.0,4.0,4.0,0.0,4.0,4.0,0.0,4.0,4.0,0.0,0.2791,,
rag_only,victima,7,0.3043,,,0.1522,,,11,7,4.0,0.0654,0.022,0.0434,3.0,4.0,-1.0,4.0,4.0,0.0,4.0,4.0,0.0,5.0,5.0,0.0,4.0,4.0,0.0,0.3148,,
rag_only,victima,8,0.1333,,,0.2167,,,3,8,-5.0,0.0161,0.0449,-0.0288,4.0,4.0,0.0,3.0,4.0,-1.0,4.0,4.0,0.0,4.0,4.0,0.0,4.0,4.0,0.0,0.2412,,
rag_only,victima,9,0.1053,,,0.2026,,,7,13,-6.0,0.0542,0.0529,0.0013,4.0,3.0,1.0,4.0,3.0,1.0,4.0,4.0,0.0,5.0,5.0,0.0,4.0,4.0,0.0,0.1646,,
rag_only,victima,10,0.7143,,,0.6572,,,7,10,-3.0,0.0471,0.049,-0.0019,4.0,4.0,0.0,3.0,4.0,-1.0,4.0,4.0,0.0,4.0,4.0,0.0,4.0,4.0,0.0,0.4059,,
rag_only,victima,11,0.3125,,,0.1562,,,10,9,1.0,0.0469,0.0418,0.0051,3.0,3.0,0.0,4.0,4.0,0.0,4.0,4.0,0.0,5.0,5.0,0.0,4.0,4.0,0.0,0.1963,,
rag_only,victima,12,0.2,,,0.1,,,5,9,-4.0,0.0061,0.0378,-0.0317,3.0,4.0,-1.0,4.0,3.0,1.0,4.0,4.0,0.0,4.0,4.0,0.0,4.0,4.0,0.0,0.366,,
rag_only,victima,13,0.375,,,0.1875,,,11,7,4.0,0.0696,0.0355,0.0341,3.0,3.0,0.0,3.0,3.0,0.0,4.0,4.0,0.0,5.0,5.0,0.0,4.0,4.0,0.0,0.3291,,
rag_only,victima,14,0.0769,,,0.0384,,,2,6,-4.0,0.0076,0.0215,-0.0139,3.0,3.0,0.0,3.0,3.0,0.0,4.0,4.0,0.0,4.0,5.0,-1.0,4.0,4.0,0.0,0.4026,,
rag_only,victima,15,0.2,,,0.1,,,14,12,2.0,0.0807,0.0579,0.0228,4.0,4.0,0.0,3.0,4.0,-1.0,4.0,4.0,0.0,5.0,5.0,0.0,4.0,4.0,0.0,0.3771,,
rag_only,victima,16,0.3889,,,0.1945,,,8,9,-1.0,0.0338,0.0267,0.0071,3.0,2.0,1.0,3.0,2.0,1.0,4.0,4.0,0.0,4.0,3.0,1.0,4.0,3.0,1.0,0.586,,
rag_only,victima,17,0.5455,,,0.5727,,,17,13,4.0,0.1098,0.0693,0.0405,3.0,3.0,0.0,3.0,2.0,1.0,4.0,4.0,0.0,5.0,4.0,1.0,4.0,3.0,1.0,0.4252,,
rag_only,victima,18,0.5,,,0.4,,,21,16,5.0,0.1183,0.0932,0.0251,3.0,2.0,1.0,2.0,2.0,0.0,4.0,4.0,0.0,3.0,2.0,1.0,4.0,4.0,0.0,0.3558,,
rag_only,victima,19,0.4667,,,0.5333,,,9,8,1.0,0.0373,0.0248,0.0125,2.0,2.0,0.0,3.0,2.0,1.0,4.0,4.0,0.0,4.0,4.0,0.0,4.0,4.0,0.0,0.5039,,
rag_only,victima,20,0.2941,,,0.147,,,13,18,-5.0,0.0723,0.0545,0.0178,4.0,3.0,1.0,3.0,2.0,1.0,4.0,4.0,0.0,4.0,4.0,0.0,4.0,4.0,0.0,0.2669,,
rag_only,victima,21,0.3684,,,0.1842,,,15,11,4.0,0.0994,0.0504,0.049,3.0,3.0,0.0,3.0,4.0,-1.0,4.0,4.0,0.0,4.0,4.0,0.0,4.0,4.0,0.0,0.4343,,
rag_only,victima,22,0.6471,,,0.6236,,,17,14,3.0,0.0854,0.0635,0.0219,3.0,2.0,1.0,3.0,2.0,1.0,4.0,4.0,0.0,4.0,4.0,0.0,5.0,4.0,1.0,0.4664,,
rag_only,victima,23,0.5455,,,0.2727,,,9,8,1.0,0.0337,0.0351,-0.0014,2.0,2.0,0.0,3.0,3.0,0.0,4.0,4.0,0.0,4.0,4.0,0.0,4.0,4.0,0.0,0.3701,,
rag_only,victimario,1,0.1364,,,0.0682,,,5,2,3.0,0.043,0.0274,0.0156,3.0,3.0,0.0,3.0,3.0,0.0,4.0,4.0,0.0,4.0,5.0,-1.0,4.0,4.0,0.0,0.3177,,
rag_only,victimario,2,0.0714,,,0.0357,,,8,6,2.0,0.0674,0.0519,0.0155,4.0,3.0,1.0,3.0,4.0,-1.0,4.0,4.0,0.0,4.0,4.0,0.0,4.0,3.0,1.0,0.3095,,
rag_only,victimario,3,0.35,,,0.175,,,10,6,4.0,0.0479,0.0354,0.0125,3.0,2.0,1.0,3.0,4.0,-1.0,4.0,4.0,0.0,4.0,5.0,-1.0,3.0,3.0,0.0,0.2987,,
rag_only,victimario,4,0.3043,,,0.1522,,,7,5,2.0,0.0183,0.0339,-0.0156,4.0,3.0,1.0,3.0,3.0,0.0,4.0,4.0,0.0,4.0,4.0,0.0,4.0,4.0,0.0,0.3636,,
rag_only,victimario,5,0.1538,,,0.0769,,,5,6,-1.0,0.0353,0.0421,-0.0068,4.0,3.0,1.0,3.0,3.0,0.0,4.0,4.0,0.0,2.0,4.0,-2.0,4.0,3.0,1.0,0.2715,,
rag_only,victimario,6,0.2632,,,0.1316,,,8,5,3.0,0.0549,0.0545,0.0004,3.0,3.0,0.0,2.0,3.0,-1.0,4.0,4.0,0.0,3.0,3.0,0.0,4.0,4.0,0.0,0.586,,
rag_only,victimario,7,0.1176,,,0.0588,,,4,10,-6.0,0.0226,0.0288,-0.0062,4.0,3.0,1.0,3.0,2.0,1.0,4.0,4.0,0.0,4.0,2.0,2.0,4.0,4.0,0.0,0.3546,,
rag_only,victimario,8,0.2778,,,0.1389,,,10,12,-2.0,0.0345,0.0573,-0.0228,3.0,2.0,1.0,4.0,4.0,0.0,4.0,4.0,0.0,4.0,4.0,0.0,4.0,4.0,0.0,0.5051,,
rag_only,victimario,9,0.1739,,,0.0869,,,7,11,-4.0,0.0474,0.0479,-0.0005,4.0,3.0,1.0,4.0,4.0,0.0,4.0,4.0,0.0,4.0,4.0,0.0,3.0,4.0,-1.0,0.4865,,
rag_only,victimario,10,0.5,,,0.25,,,5,8,-3.0,0.0251,0.0355,-0.0104,3.0,2.0,1.0,4.0,4.0,0.0,4.0,4.0,0.0,4.0,4.0,0.0,4.0,4.0,0.0,0.2707,,
rag_only,victimario,11,0.125,,,0.0625,,,4,5,-1.0,0.0331,0.0403,-0.0072,2.0,2.0,0.0,3.0,3.0,0.0,4.0,4.0,0.0,4.0,4.0,0.0,3.0,2.0,1.0,0.4662,,
rag_only,victimario,12,0.25,,,0.125,,,1,3,-2.0,0.0069,0.0276,-0.0207,2.0,2.0,0.0,4.0,3.0,1.0,4.0,4.0,0.0,4.0,4.0,0.0,4.0,2.0,2.0,0.3885,,
rag_only,victimario,13,0.375,,,0.1875,,,9,6,3.0,0.0552,0.0283,0.0269,2.0,2.0,0.0,4.0,3.0,1.0,4.0,4.0,0.0,4.0,4.0,0.0,2.0,2.0,0.0,0.4174,,
rag_only,victimario,14,0.2308,,,0.1154,,,9,7,2.0,0.0333,0.028,0.0053,3.0,2.0,1.0,4.0,3.0,1.0,4.0,4.0,0.0,4.0,4.0,0.0,2.0,2.0,0.0,0.2325,,
rag_only,victimario,15,0.0,,,0.0,,,4,9,-5.0,0.0171,0.0309,-0.0138,2.0,2.0,0.0,2.0,2.0,0.0,4.0,4.0,0.0,5.0,4.0,1.0,2.0,2.0,0.0,0.2346,,
rag_only,victimario,16,0.0,,,0.0,,,3,5,-2.0,0.0136,0.0133,0.0003,2.0,1.0,1.0,4.0,2.0,2.0,4.0,4.0,0.0,4.0,4.0,0.0,3.0,3.0,0.0,0.3411,,
rag_only,victimario,17,0.3333,,,0.1666,,,8,9,-1.0,0.0189,0.0314,-0.0125,2.0,2.0,0.0,2.0,3.0,-1.0,4.0,4.0,0.0,4.0,4.0,0.0,4.0,4.0,0.0,0.3846,,
rag_only,victimario,18,0.0,,,0.0,,,6,8,-2.0,0.0251,0.0414,-0.0163,1.0,1.0,0.0,4.0,2.0,2.0,4.0,4.0,0.0,4.0,4.0,0.0,4.0,4.0,0.0,0.2615,,
rag_only,victimario,19,0.5,,,0.55,,,7,13,-6.0,0.0372,0.0466,-0.0094,2.0,2.0,0.0,4.0,3.0,1.0,4.0,4.0,0.0,4.0,4.0,0.0,3.0,3.0,0.0,0.331,,
rag_only,victimario,20,0.7692,,,0.6846,,,18,13,5.0,0.0474,0.041,0.0064,2.0,2.0,0.0,3.0,3.0,0.0,4.0,4.0,0.0,4.0,4.0,0.0,2.0,3.0,-1.0,0.4074,,
rag_only,victimario,21,0.1429,,,0.0714,,,10,7,3.0,0.02,0.0195,0.0005,3.0,1.0,2.0,4.0,2.0,2.0,4.0,4.0,0.0,4.0,4.0,0.0,4.0,3.0,1.0,0.4745,,
rag_only,victimario,22,0.1667,,,0.0833,,,4,5,-1.0,0.0109,0.022,-0.0111,2.0,2.0,0.0,4.0,3.0,1.0,4.0,4.0,0.0,4.0,5.0,-1.0,2.0,2.0,0.0,0.3066,,
rag_only,victimario,23,0.0,,,0.0,,,7,6,1.0,0.0181,0.0303,-0.0122,2.0,1.0,1.0,2.0,2.0,0.0,4.0,4.0,0.0,4.0,2.0,2.0,4.0,3.0,1.0,0.2484,,
