condicion,actor_id,turno,tipologia,n_palabras_chunks,n_palabras_respuesta,conflict_vocab_density_response,conflict_vocab_count,conflict_vocab_words_response,rag_transfer_limpio,rag_transfer_lexical,rag_transfer_eufemismos,rag_transfer_expresiones,top_k_similarity,scores_por_chunk,role_purity,n_docs_total,n_docs_rol,usado_fallback,lexical_diversity
baseline,tercero,1,cerrada,0,283,0.0954,25,actores|armado|armados|civil|comunidad|conflicto|derechos|diferentes|estado|frente|grupos|institucion|justicia|llega|miedo|organizacion|organizaciones|papel|personas|presencia|responsabilidad|rio|trabajo|violencia|zona,,,,,,,,,,,
baseline,tercero,2,abierta,0,318,0.0692,20,amenazas|armado|armados|comunidad|conflicto|cultivos|cultura|desplazamiento|estado|familia|gente|grupos|miedo|mil|paz|presencia|rio|trabajo|vereda|violencia,,,,,,,,,,,
baseline,tercero,3,abierta,0,369,0.1003,29,actores|armado|armados|civil|comunidad|conoci|control|farc|frente|fuerza|grupos|guerra|guerrilleros|justicia|llega|masacre|memoria|miedo|mil|militar|militares|paramilitares|presencia|rio|social|sociales|territorio|violencia|zona,,,,,,,,,,,
baseline,tercero,4,abierta,0,360,0.075,30,amenazas|armado|armados|comunidad|conflicto|conoci|control|desplazamiento|familia|fuerza|gente|grupos|guerrilleros|hijos|institucion|masacre|miedo|mil|militar|militares|pais|paramilitares|personas|rio|seguridad|situacion|social|tierra|tierras|violencia,,,,,,,,,,,
baseline,tercero,5,cerrada,0,333,0.0571,23,accion|amenazas|armado|armados|comunidad|conflicto|conoci|desplazamiento|diferentes|familia|fuerza|gente|grupos|hijos|impacto|memoria|miedo|mil|movimiento|personas|presencia|situacion|vereda,,,,,,,,,,,
baseline,tercero,6,abierta,0,368,0.0788,24,accion|amenazas|armado|armados|civil|comunidad|decision|derechos|diferentes|estrategia|familia|grupos|justicia|miedo|mil|movimiento|personas|recursos|rio|sector|sectores|social|territorio|violencia,,,,,,,,,,,
baseline,tercero,7,abierta,0,359,0.0362,15,accion|armado|armados|comunidad|conflicto|familia|gente|grupos|impacto|justicia|memoria|miedo|mil|personas|responsabilidad,,,,,,,,,,,
baseline,tercero,8,abierta,0,355,0.0479,18,armado|armados|comunidad|conflicto|conoci|conocimiento|gente|grupos|justicia|masacre|memoria|miedo|movimiento|personas|rio|seguridad|situacion|vereda,,,,,,,,,,,
baseline,tercero,9,cerrada,0,376,0.0665,19,accion|amenazas|armado|armados|comunidad|conflicto|conoci|conocimiento|desplazamiento|estrategia|grupos|justicia|miedo|movimiento|presencia|seguridad|situacion|violencia|zona,,,,,,,,,,,
baseline,tercero,10,confrontativa,0,398,0.0503,15,comunidad|conflicto|desplazamiento|familia|frente|gente|importante|justicia|memoria|miedo|mil|pais|papel|proceso|violencia,,,,,,,,,,,
baseline,tercero,11,confrontativa,0,354,0.048,15,accion|armado|armados|comunidad|conflicto|desplazamiento|frente|gente|grupos|justicia|memoria|miedo|personas|social|violencia,,,,,,,,,,,
baseline,tercero,12,abierta,0,395,0.0481,17,accion|armado|armados|civil|comunidad|conflicto|conoci|decision|grupos|impacto|justicia|miedo|papel|personas|rio|social|violencia,,,,,,,,,,,
baseline,tercero,13,abierta,0,345,0.029,12,armado|comunidad|comunidades|conflicto|gente|impacto|importante|justicia|memoria|miedo|mil|rio,,,,,,,,,,,
baseline,victima,1,cerrada,0,211,0.0948,15,amenazas|comunidad|cultivos|desplazamiento|familia|guerrilla|miedo|militar|paramilitares|paz|social|vereda|violencia|vivir|zona,,,,,,,,,,,
baseline,victima,2,abierta,0,218,0.0688,17,armado|armados|comunidad|familia|familiar|grupos|mal|miedo|momento|paz|recuerdo|reunion|rio|social|tierra|vereda|violencia,,,,,,,,,,,
baseline,victima,3,abierta,0,315,0.0444,12,armado|armados|familia|gente|grupos|miedo|partes|recuerdo|rio|vereda|violencia|vivido,,,,,,,,,,,
baseline,victima,4,cerrada,0,257,0.07,12,amenazas|armado|armados|comunidad|conflicto|grupos|miedo|momento|personas|vereda|violencia|vivir,,,,,,,,,,,
baseline,victima,5,abierta,0,269,0.0297,10,alguien|cultivos|duro|familia|recuerdo|rio|territorio|tierra|vereda|vive,,,,,,,,,,,
baseline,victima,6,abierta,0,348,0.0517,19,alguien|armado|armados|campo|desplazamiento|familia|grupos|hicieron|miedo|momento|noche|pais|paso|pueblo|recuerdo|tierra|vereda|violencia|vivir,,,,,,,,,,,
baseline,victima,7,abierta,0,389,0.0334,15,comunidad|desplazamiento|escuela|familia|hijo|hijos|mal|momento|oportunidad|recuerdo|rio|tierra|trabajo|vivido|vivir,,,,,,,,,,,
baseline,victima,8,abierta,0,289,0.0381,11,ayuda|conflicto|derechos|desplazamiento|familia|familias|momento|recuerdo|rio|violencia|vivido,,,,,,,,,,,
baseline,victima,9,abierta,0,383,0.0339,15,campo|comunidad|desplazamiento|familia|familiar|hijo|hijos|importante|pais|paz|quedaron|recuerdo|social|tierra|vereda,,,,,,,,,,,
baseline,victima,10,confrontativa,0,325,0.0492,14,armado|armados|comunidad|desplazamiento|gente|grupos|importante|miedo|personas|recuerdo|tema|temor|tierra|violencia,,,,,,,,,,,
baseline,victima,11,confrontativa,0,312,0.0897,19,armado|armados|comunidad|comunidades|conflicto|creo|cultivos|grupos|importante|mal|oportunidad|paz|problema|rio|social|territorio|tierra|violencia|vivir,,,,,,,,,,,
baseline,victima,12,confrontativa,0,298,0.0906,19,armado|armados|comunidad|comunidades|conflicto|cualquier|gente|grupos|importante|miedo|paz|personas|problema|social|verdad|violencia|vive|vivido|vivir,,,,,,,,,,,
baseline,victima,13,abierta,0,309,0.0615,11,comunidad|comunidades|conflicto|paso|paz|rio|social|temor|verdad|vivido|vivir,,,,,,,,,,,
baseline,victimario,1,abierta,0,193,0.0363,10,arma|armado|comunidad|conflicto|enemigo|grupo|proceso|toma|unidad|violencia,,,,,,,,,,,
baseline,victimario,2,abierta,0,203,0.0345,10,arma|armado|conflicto|grupo|momento|proceso|reclutamiento|toma|unidad|violencia,,,,,,,,,,,
baseline,victimario,3,cerrada,0,159,0.0377,12,civil|combatiente|combatientes|comunidad|conflicto|enfrentamiento|mando|momento|operacion|operaciones|toma|unidad,,,,,,,,,,,
baseline,victimario,4,abierta,0,212,0.0566,15,ataque|civil|comunidad|conflicto|entrenamiento|gente|grupo|momento|operacion|operaciones|patrulla|proceso|pueblo|toma|unidad,,,,,,,,,,,
baseline,victimario,5,abierta,0,233,0.0515,14,arma|armado|civil|comunidad|familia|fuerza|grupo|grupos|momento|proceso|toma|unidad|violencia|zona,,,,,,,,,,,
baseline,victimario,6,abierta,0,240,0.0417,11,civil|comunidad|conflicto|enemigo|frente|grupo|guerra|operacion|operaciones|pueblo|unidad,,,,,,,,,,,
baseline,victimario,7,confrontativa,0,226,0.0354,9,comunidad|conflicto|grupo|mando|momento|proceso|toma|unidad|violencia,,,,,,,,,,,
baseline,victimario,8,abierta,0,218,0.0275,12,combatiente|combatientes|comunidad|conflicto|desplazamiento|excombatientes|momento|paz|proceso|toma|unidad|violencia,,,,,,,,,,,
baseline,victimario,9,confrontativa,0,195,0.0205,8,comunidad|mando|operacion|operaciones|paz|proceso|toma|unidad,,,,,,,,,,,
baseline,victimario,10,abierta,0,229,0.0218,6,comunidad|conflicto|momento|proceso|unidad|violencia,,,,,,,,,,,
baseline,victimario,11,confrontativa,0,218,0.0229,6,combatiente|combatientes|conflicto|excombatientes|paz|proceso,,,,,,,,,,,
baseline,victimario,12,abierta,0,286,0.035,8,civil|combatiente|comunidad|conflicto|gente|momento|proceso|unidad,,,,,,,,,,,
baseline,victimario,13,abierta,0,248,0.0202,4,comunidad|proceso|toma|unidad,,,,,,,,,,,
bdi_only,tercero,1,cerrada,0,283,0.0601,20,ciudad|comunidad|comunidades|conflicto|conoci|desplazamiento|estado|institucion|justicia|masacre|memoria|miedo|papel|paz|presencia|rio|social|sociales|violencia|zona,,,,,,,,,,,
bdi_only,tercero,2,abierta,0,320,0.075,26,accion|amenazas|armado|armados|comunidad|comunidades|conflicto|conoci|cultivos|cultura|familia|gente|grupos|impacto|llega|memoria|miedo|mil|pais|paz|presencia|rio|social|trabajo|vereda|violencia,,,,,,,,,,,
bdi_only,tercero,3,abierta,0,336,0.1131,28,actores|amenazas|armado|armados|armas|comunidad|conflicto|conoci|control|decision|grupos|guerrilla|guerrilleros|justicia|llega|memoria|miedo|mil|militar|militares|movimiento|paramilitares|presencia|rio|social|sociales|territorio|violencia,,,,,,,,,,,
bdi_only,tercero,4,abierta,0,352,0.0767,29,accion|actores|amenazas|armado|armados|civil|comunidad|conflicto|desplazamiento|familia|fuerza|gente|grupos|hijos|masacre|memoria|miedo|mil|militar|personas|presencia|rio|seguridad|situacion|social|sociales|tema|temas|violencia,,,,,,,,,,,
bdi_only,tercero,5,cerrada,0,304,0.0461,17,amenazas|armado|comunidad|conflicto|desplazamiento|familia|fuerza|hijos|masacre|memoria|miedo|mil|personas|responsabilidad|rio|vereda|violencia,,,,,,,,,,,
bdi_only,tercero,6,abierta,0,333,0.0781,20,armado|armados|casos|civil|comunidad|conflicto|decision|estrategia|familia|frente|grupos|miedo|mil|personas|recursos|rio|seguridad|social|sociales|violencia,,,,,,,,,,,
bdi_only,tercero,7,abierta,0,327,0.0581,17,armado|armados|comunidad|conflicto|familia|fuerza|grupos|memoria|miedo|mil|papel|personas|recursos|rio|seguridad|social|violencia,,,,,,,,,,,
bdi_only,tercero,8,abierta,0,321,0.0405,18,armado|armados|comunidad|conflicto|conoci|conocimiento|familia|gente|grupos|justicia|llega|masacre|miedo|mil|responsabilidad|seguridad|situacion|violencia,,,,,,,,,,,
bdi_only,tercero,9,cerrada,0,280,0.0571,18,accion|armado|armados|casos|civil|conflicto|conoci|conocimiento|desplazamiento|grupos|miedo|personas|presencia|rio|seguridad|situacion|violencia|zona,,,,,,,,,,,
bdi_only,tercero,10,confrontativa,0,344,0.0407,11,comunidad|desplazamiento|estado|fuerza|gente|impacto|llega|masacre|pais|proceso|violencia,,,,,,,,,,,
bdi_only,tercero,11,confrontativa,0,360,0.0306,14,accion|armado|armados|comunidad|conflicto|decision|gente|grupos|memoria|miedo|organizacion|organizaciones|personas|rio,,,,,,,,,,,
bdi_only,tercero,12,abierta,0,350,0.0686,15,comunidad|comunidades|conflicto|conoci|familia|gente|impacto|importante|memoria|miedo|mil|muertos|personas|social|violencia,,,,,,,,,,,
bdi_only,tercero,13,abierta,0,289,0.0519,11,comunidad|comunidades|conflicto|estado|justicia|memoria|proceso|rio|sociedad|trabajar|violencia,,,,,,,,,,,
bdi_only,victima,1,cerrada,0,203,0.0985,16,amenazas|comunidad|conflicto|dejaron|desplazamiento|grupos|importante|miedo|militar|momento|paramilitares|paz|recuerdo|tierra|vereda|violencia,,,,,,,,,,,
bdi_only,victima,2,abierta,0,251,0.0717,19,alguien|amenazas|armado|armados|ayuda|comunidad|conflicto|familia|grupos|hicieron|mal|miedo|momento|paz|recuerdo|tierra|trabajo|vereda|violencia,,,,,,,,,,,
bdi_only,victima,3,abierta,0,333,0.0511,21,amenazas|armado|armados|comunidad|cualquier|familia|familiar|hombre|hombres|importante|miedo|militar|momento|paramilitares|paso|recuerdo|rio|vereda|violencia|vivir|zona,,,,,,,,,,,
bdi_only,victima,4,cerrada,0,238,0.0714,16,amenazas|armado|armados|armas|comunidad|gente|grupos|hombre|hombres|miedo|militar|momento|paramilitares|vereda|violencia|zona,,,,,,,,,,,
bdi_only,victima,5,abierta,0,257,0.035,15,campo|comunidad|desplazamiento|duro|familia|familiar|miedo|momento|paso|recuerdo|relacion|rio|territorio|tierra|trabajo,,,,,,,,,,,
bdi_only,victima,6,abierta,0,276,0.0399,18,armado|armados|comunidad|desplazamiento|familia|familiar|gente|grupos|importante|llegamos|miedo|momento|noche|paso|quedaron|recuerdo|tierra|vivir,,,,,,,,,,,
bdi_only,victima,7,abierta,0,326,0.0521,18,comunidad|derechos|desplazamiento|familia|gente|grupos|mientras|momento|oportunidad|personas|quedaron|recuerdo|rio|tierra|trabajo|violencia|vive|vivir,,,,,,,,,,,
bdi_only,victima,8,abierta,0,268,0.0299,9,ayuda|comunidad|conflicto|denuncia|desplazamiento|miedo|tema|violencia|vivido,,,,,,,,,,,
bdi_only,victima,9,abierta,0,337,0.0326,13,comunidad|cultivos|familia|familiar|hijo|hijos|miedo|mientras|personas|relacion|rio|tierra|vivido,,,,,,,,,,,
bdi_only,victima,10,confrontativa,0,304,0.0493,17,amenazas|armado|armados|comunidad|familia|familiar|familias|grupos|hicieron|importante|miedo|momento|recuerdo|rio|territorio|tierra|vivir,,,,,,,,,,,
bdi_only,victima,11,confrontativa,0,289,0.0727,11,alguien|armado|armados|comunidad|derechos|grupos|importante|oportunidad|personas|tierra|violencia,,,,,,,,,,,
bdi_only,victima,12,confrontativa,0,283,0.0671,15,amenazas|armado|armados|comunidad|conflicto|familia|familias|grupos|miedo|personas|verdad|violencia|vive|vivir|zona,,,,,,,,,,,
bdi_only,victima,13,abierta,0,300,0.05,13,comunidad|comunidades|contar|derechos|oportunidad|paso|personas|relacion|rio|social|verdad|vivido|vivir,,,,,,,,,,,
bdi_only,victimario,1,abierta,0,189,0.037,6,comunidad|momento|proceso|toma|unidad|violencia,,,,,,,,,,,
bdi_only,victimario,2,abierta,0,188,0.0372,6,frente|grupo|momento|reclutamiento|unidad|violencia,,,,,,,,,,,
bdi_only,victimario,3,cerrada,0,161,0.0435,7,combatiente|conflicto|frente|grupo|mando|operacion|operaciones,,,,,,,,,,,
bdi_only,victimario,4,abierta,0,243,0.0206,9,civil|comunidad|entrenamiento|grupo|militar|momento|operacion|operaciones|unidad,,,,,,,,,,,
bdi_only,victimario,5,abierta,0,211,0.0284,11,civil|comunidad|enfrentamiento|familia|grupo|grupos|momento|paz|toma|unidad|zona,,,,,,,,,,,
bdi_only,victimario,6,abierta,0,235,0.0298,9,civil|comunidad|enemigo|familia|frente|grupo|guerra|unidad|violencia,,,,,,,,,,,
bdi_only,victimario,7,confrontativa,0,247,0.0283,8,arma|armado|civil|conflicto|grupo|mando|momento|proceso,,,,,,,,,,,
bdi_only,victimario,8,abierta,0,245,0.0286,13,combatiente|combatientes|comunidad|conflicto|desplazamiento|excombatientes|familia|guerra|momento|paz|proceso|toma|unidad,,,,,,,,,,,
bdi_only,victimario,9,confrontativa,0,226,0.0221,6,grupo|momento|operacion|operaciones|paz|proceso,,,,,,,,,,,
bdi_only,victimario,10,abierta,0,256,0.0391,16,arma|armas|combatiente|combatientes|comunidad|conflicto|excombatientes|familia|momento|operacion|operaciones|paz|proceso|toma|unidad|violencia,,,,,,,,,,,
bdi_only,victimario,11,confrontativa,0,237,0.0211,7,civil|combatiente|combatientes|excombatientes|paz|proceso|violencia,,,,,,,,,,,
bdi_only,victimario,12,abierta,0,306,0.0359,9,civil|combatiente|combatientes|comunidad|excombatientes|momento|proceso|toma|unidad,,,,,,,,,,,
bdi_only,victimario,13,abierta,0,263,0.019,6,comunidad|conflicto|guerra|proceso|unidad|violencia,,,,,,,,,,,
bdi_rag,tercero,1,cerrada,102,230,0.0783,16,actores|armado|armados|comunidad|conflicto|control|fuerza|gente|grupos|matar|mataron|presencia|pueblo|responsabilidad|social|vereda,0.4355,0.5294,0.0,0.2,0.8353,"[0.8397, 0.8368, 0.834, 0.8334, 0.8327]",1.0,5.0,5.0,False,0.6078
bdi_rag,tercero,2,abierta,114,259,0.0695,17,armado|armados|comunidad|cultura|familia|gente|grupos|impacto|llega|mil|presencia|rio|seguridad|social|sociales|vereda|violencia,0.4559,0.5667,0.0,0.4,0.8497,"[0.8656, 0.8511, 0.8455, 0.8443, 0.842]",1.0,5.0,5.0,False,0.5965
bdi_rag,tercero,3,abierta,146,291,0.134,23,actores|amenazas|armado|armados|colombia|comunidad|control|diferentes|estado|farc|gente|grupos|guerrilla|institucion|miedo|movimiento|presencia|rio|seguridad|social|territorio|vereda|violencia,0.4022,0.7308,0.4,0.4,0.8678,"[0.8757, 0.8718, 0.8713, 0.861, 0.8593]",1.0,5.0,5.0,False,0.6301
bdi_rag,tercero,4,abierta,141,293,0.0648,20,armado|armados|comunidad|conflicto|desplazamiento|estrategia|familia|farc|gente|grupos|impacto|justicia|miedo|mil|pueblo|situacion|social|sociales|vereda|violencia,0.5455,0.65,0.25,0.6667,0.8498,"[0.8676, 0.8548, 0.8444, 0.8411, 0.841]",1.0,5.0,5.0,False,0.5603
bdi_rag,tercero,5,cerrada,112,285,0.0491,20,amenazas|armado|comunidad|desplazamiento|familia|fuerza|gente|masacre|matar|mataron|memoria|miedo|mil|militar|militares|pais|paramilitares|situacion|vereda|violencia,0.2609,0.1905,0.25,0.375,0.842,"[0.8494, 0.8468, 0.8391, 0.8381, 0.8367]",1.0,5.0,5.0,False,0.6161
bdi_rag,tercero,6,abierta,94,290,0.0862,19,actores|armado|armados|casos|civil|comunidad|gente|grupos|guerra|guerrilla|matar|memoria|miedo|rio|social|sociales|territorio|vereda|violencia,0.3966,0.3889,1.0,0.1667,0.8618,"[0.8667, 0.8667, 0.8628, 0.86, 0.8527]",1.0,5.0,5.0,False,0.617
bdi_rag,tercero,7,abierta,114,264,0.0606,11,armado|armados|comunidad|conflicto|decision|estado|estrategia|gente|grupos|miedo|violencia,0.4237,0.5185,0.0,0.2,0.8548,"[0.8735, 0.8583, 0.85, 0.8485, 0.8437]",1.0,5.0,5.0,False,0.5439
bdi_rag,tercero,8,abierta,101,246,0.0366,7,amenazas|conoci|estado|justicia|llega|miedo|violencia,0.1912,0.28,0.0,0.0,0.8185,"[0.826, 0.8222, 0.8197, 0.8147, 0.8101]",1.0,5.0,5.0,False,0.6931
bdi_rag,tercero,9,cerrada,123,266,0.0376,13,amenazas|armado|armados|comunidad|familia|grupos|masacre|miedo|mil|rio|seguridad|violencia|zona,0.1786,0.1923,0.3333,0.0,0.8344,"[0.8419, 0.8361, 0.8332, 0.831, 0.8296]",1.0,5.0,5.0,False,0.7236
bdi_rag,tercero,10,confrontativa,111,304,0.0691,23,armado|armados|comunidad|conflicto|desplazamiento|frente|gente|grupos|impacto|justicia|llega|matar|mataron|memoria|miedo|pais|paz|personas|rio|situacion|social|trabajo|violencia,0.3,0.4194,0.25,0.2,0.8517,"[0.8757, 0.8519, 0.8462, 0.8446, 0.8399]",1.0,5.0,5.0,False,0.6306
bdi_rag,tercero,11,confrontativa,130,267,0.0412,10,armado|armados|comunidad|frente|grupos|justicia|memoria|miedo|mil|violencia,0.2597,0.3243,0.0,0.0,0.8311,"[0.8481, 0.8312, 0.8285, 0.8251, 0.8228]",1.0,5.0,5.0,False,0.6077
bdi_rag,tercero,12,abierta,120,310,0.0774,19,comunidad|conflicto|conoci|decision|familia|gente|importante|justicia|llega|memoria|miedo|mil|personas|proceso|rio|social|trabajar|victima|violencia,0.4286,0.2667,0.2,0.2857,0.8573,"[0.8654, 0.8644, 0.8559, 0.8533, 0.8473]",1.0,5.0,5.0,False,0.6
bdi_rag,tercero,13,abierta,147,269,0.052,10,armado|comunidad|conflicto|control|diferentes|justicia|memoria|miedo|paz|proceso,0.3077,0.2308,0.0,0.0,0.822,"[0.8381, 0.8335, 0.8267, 0.8072, 0.8047]",1.0,5.0,5.0,False,0.5442
bdi_rag,victima,1,cerrada,138,107,0.0748,7,amenazas|cultivos|farc|militar|recuerdo|vereda|violencia,0.2262,0.1707,0.0,0.3333,0.846,"[0.8527, 0.8482, 0.8444, 0.843, 0.8417]",1.0,5.0,5.0,False,0.6087
bdi_rag,victima,2,abierta,123,153,0.1046,17,amenazas|armado|armados|comunidad|cultivos|gente|grupos|hijo|hijos|miedo|muerte|recuerdo|rio|vereda|violencia|vivido|vivir,0.3881,0.3158,0.0,0.4,0.8271,[0.8271],1.0,1.0,1.0,False,0.561
bdi_rag,victima,3,abierta,138,163,0.0429,5,amenazas|gente|momento|noche|vivido,0.3947,0.375,0.1667,0.4286,0.8244,"[0.8269, 0.8269, 0.8251, 0.8251, 0.8182]",1.0,5.0,5.0,False,0.5797
bdi_rag,victima,4,cerrada,92,142,0.0634,10,amenazas|armado|armados|campo|comunidad|cualquier|farc|mal|miedo|vereda,0.4898,0.3571,0.6,0.2,0.8528,"[0.8757, 0.8757, 0.8398, 0.8363, 0.8363]",1.0,5.0,5.0,False,0.5435
bdi_rag,victima,5,abierta,119,179,0.0279,9,cultivos|duro|familia|momento|ningun|recuerdo|rio|territorio|violencia,0.2093,0.1053,0.0,0.3333,0.8419,"[0.8603, 0.8525, 0.8345, 0.8345, 0.8279]",1.0,5.0,5.0,False,0.7395
bdi_rag,victima,6,abierta,143,187,0.0321,8,desplazamiento|familia|gente|miedo|momento|personas|recuerdo|rio,0.3478,0.375,0.2,0.2,0.8022,"[0.8076, 0.8018, 0.8018, 0.8016, 0.7982]",1.0,5.0,5.0,False,0.5455
bdi_rag,victima,7,abierta,109,206,0.0437,12,desplazamiento|escuela|familia|hija|importante|padre|recuerdo|rio|trabajo|violencia|vivido|vivir,0.2615,0.2222,0.0,0.4286,0.8405,"[0.8491, 0.8403, 0.8403, 0.8377, 0.835]",1.0,5.0,5.0,False,0.6422
bdi_rag,victima,8,abierta,108,163,0.0245,7,amenazas|ayuda|momento|ningun|situacion|violencia|vivido,0.2969,0.25,0.125,0.5,0.8402,"[0.8438, 0.8425, 0.8409, 0.8405, 0.8331]",1.0,5.0,5.0,False,0.6111
bdi_rag,victima,9,abierta,120,164,0.0122,8,familia|familiar|hijo|hijos|momento|recuerdo|vereda|vivir,0.2174,0.2143,0.0,0.3333,0.8165,"[0.8568, 0.8211, 0.8174, 0.7938, 0.7932]",1.0,5.0,5.0,False,0.6
bdi_rag,victima,10,confrontativa,103,172,0.064,13,amenazas|armado|armados|familia|familiar|gente|grupos|hicieron|miedo|recuerdo|rio|vereda|violencia,0.1667,0.2727,0.0,0.1429,0.8501,"[0.8567, 0.8501, 0.8485, 0.8483, 0.8468]",1.0,5.0,5.0,False,0.5825
bdi_rag,victima,11,confrontativa,143,190,0.1,18,amenazas|armado|armados|comunidad|creo|farc|gente|grupos|hicieron|mal|miedo|pais|relacion|rio|social|vereda|violencia|vivir,0.1818,0.2558,0.0,0.0,0.824,"[0.8305, 0.8274, 0.8222, 0.8159]",1.0,4.0,4.0,False,0.6294
bdi_rag,victima,12,confrontativa,177,200,0.07,19,armado|armados|comunidad|comunidades|conflicto|contar|gente|grupos|guerrillero|guerrilleros|hermana|mal|miedo|rio|situacion|tema|violencia|vivir|zona,0.2941,0.4,0.0,0.0,0.8135,"[0.8188, 0.8081]",1.0,2.0,2.0,False,0.4859
bdi_rag,victima,13,abierta,152,217,0.0507,10,familia|muerte|paso|paz|rio|social|tema|verdad|victima|vivido,0.4023,0.5682,0.0,0.0,0.8316,"[0.8454, 0.8318, 0.8317, 0.8307, 0.8182]",1.0,5.0,5.0,False,0.5855
bdi_rag,victimario,1,abierta,87,181,0.0331,7,comunidad|militar|momento|proceso|toma|unidad|violencia,0.2063,0.1667,0.0,0.0,0.8242,"[0.84, 0.8337, 0.8187, 0.8184, 0.8104]",1.0,5.0,5.0,False,0.7356
bdi_rag,victimario,2,abierta,96,207,0.0435,15,arma|armas|combate|comunidad|grupo|militar|militares|momento|paramilitar|paramilitares|pueblo|reclutamiento|toma|unidad|violencia,0.1935,0.3333,0.0,0.1429,0.8315,"[0.8371, 0.8364, 0.8357, 0.8289, 0.8193]",1.0,5.0,5.0,False,0.6458
bdi_rag,victimario,3,cerrada,119,175,0.0171,8,comunidad|mando|militar|momento|operacion|operaciones|toma|unidad,0.0864,0.1042,0.0,0.0,0.8184,"[0.8321, 0.8213, 0.8153, 0.8122, 0.811]",1.0,5.0,5.0,False,0.6891
bdi_rag,victimario,4,abierta,104,197,0.0254,8,campamento|combate|enemigo|militar|momento|patrulla|pueblo|violencia,0.1045,0.05,0.0,0.0,0.8293,"[0.8372, 0.8293, 0.8289, 0.826, 0.8253]",1.0,5.0,5.0,False,0.6538
bdi_rag,victimario,5,abierta,127,209,0.0526,15,arma|armado|armados|civil|combate|comunidad|enemigo|enfrentamiento|familia|grupo|grupos|mando|momento|toma|unidad,0.1558,0.2759,0.0,0.0,0.8241,"[0.8382, 0.8235, 0.8219, 0.8195, 0.8174]",1.0,5.0,5.0,False,0.622
bdi_rag,victimario,6,abierta,121,232,0.0431,12,civil|combatiente|combatientes|comunidad|conflicto|enemigo|frente|grupo|guerra|mando|toma|unidad,0.1867,0.1944,0.4,0.0,0.8249,"[0.8394, 0.8267, 0.8261, 0.8164, 0.8157]",1.0,5.0,5.0,False,0.6446
bdi_rag,victimario,7,confrontativa,129,210,0.0238,6,comandante|conflicto|grupo|mando|toma|violencia,0.1867,0.08,0.1429,0.1,0.8426,"[0.8462, 0.8445, 0.8414, 0.8409, 0.8399]",1.0,5.0,5.0,False,0.5969
bdi_rag,victimario,8,abierta,7,200,0.025,8,comunidad|desplazamiento|familia|momento|proceso|toma|unidad|violencia,0.3333,,,,,[],0.0,0.0,0.0,True,0.4286
bdi_rag,victimario,9,confrontativa,113,180,0.05,11,arma|armada|comunidad|conflicto|grupo|guerra|mando|momento|proceso|toma|unidad,0.0909,0.0889,0.0,0.0,0.7802,"[0.7973, 0.7825, 0.7775, 0.7737, 0.7701]",1.0,5.0,5.0,False,0.6903
bdi_rag,victimario,10,abierta,135,249,0.0402,10,comunidad|conflicto|desplazamiento|guerra|mando|paz|proceso|toma|unidad|violencia,0.1566,0.1111,0.0,0.0,0.8021,"[0.8108, 0.8024, 0.8013, 0.8004, 0.7958]",1.0,5.0,5.0,False,0.6148
bdi_rag,victimario,11,confrontativa,7,182,0.0275,7,combatiente|combatientes|conflicto|excombatientes|momento|proceso|toma,0.0,,,,,[],0.0,0.0,0.0,True,0.4286
bdi_rag,victimario,12,abierta,86,250,0.04,11,arma|armado|civil|combatiente|combatientes|conflicto|excombatientes|grupo|momento|proceso|unidad,0.1786,0.2,0.25,0.0,0.7891,"[0.7936, 0.7912, 0.7877, 0.7877, 0.7852]",1.0,5.0,5.0,False,0.7093
bdi_rag,victimario,13,abierta,84,201,0.0199,6,comunidad|momento|proceso|toma|unidad|violencia,0.1163,0.3,0.0,0.0,0.804,"[0.813, 0.8034, 0.8012, 0.7986]",1.0,4.0,4.0,False,0.5476
rag_only,tercero,1,cerrada,118,237,0.0928,26,armado|armados|civil|comunidad|comunidades|conflicto|desplazamiento|estado|familia|gente|grupos|guerra|guerrilla|impacto|importante|memoria|miedo|mil|militar|militares|papel|paramilitares|presencia|rio|social|violencia,0.3067,0.7143,0.0,0.4,0.8026,"[0.8068, 0.8053, 0.8007, 0.8005, 0.7995]",1.0,5.0,5.0,False,0.6525
rag_only,tercero,2,abierta,147,229,0.0873,22,armado|armados|comunidad|comunidades|conflicto|cultivos|desplazamiento|familia|gente|grupos|llega|memoria|miedo|mil|presencia|pueblo|rio|seguridad|social|trabajo|vereda|violencia,0.191,0.2093,0.0,0.0,0.8417,"[0.8617, 0.8475, 0.8338, 0.8337, 0.8319]",1.0,5.0,5.0,False,0.6054
rag_only,tercero,3,abierta,150,235,0.1191,21,actores|armado|armados|comunidad|control|estado|farc|gente|grupos|guerra|guerrilla|miedo|mil|militar|militares|paramilitares|paz|presencia|rio|territorio|violencia,0.2771,0.3714,0.0,0.0,0.8554,"[0.8609, 0.8596, 0.8592, 0.8492, 0.8479]",1.0,5.0,5.0,False,0.5533
rag_only,tercero,4,abierta,107,236,0.1017,27,amenazas|armado|armados|comunidad|conflicto|control|desplazamiento|gente|grupos|guerra|guerrilla|justicia|memoria|miedo|mil|militar|militares|paramilitares|paz|personas|policia|rio|seguridad|situacion|tema|territorio|violencia,0.4219,0.5,0.1667,0.1429,0.8449,"[0.8605, 0.8474, 0.8424, 0.8382, 0.8361]",1.0,5.0,5.0,False,0.6075
rag_only,tercero,5,cerrada,160,218,0.0596,14,armado|armados|comunidad|desplazamiento|familia|gente|grupos|miedo|mil|partido|recursos|situacion|vereda|violencia,0.2584,0.1463,0.0,0.0,0.8463,"[0.857, 0.8453, 0.8445, 0.8442, 0.8405]",1.0,5.0,5.0,False,0.5875
rag_only,tercero,6,abierta,145,222,0.0631,15,armado|armados|civil|conflicto|estrategia|familia|grupos|matar|mataron|miedo|mil|rio|territorio|trabajar|violencia,0.2361,0.3684,0.3333,0.0,0.8482,"[0.8508, 0.8508, 0.8496, 0.8475, 0.8422]",1.0,5.0,5.0,False,0.5034
rag_only,tercero,7,abierta,106,237,0.0633,12,actores|armado|armados|comunidad|conflicto|fuerza|gente|grupos|miedo|personas|proceso|violencia,0.3231,0.2727,0.0,0.3333,0.8491,"[0.8596, 0.8524, 0.8446, 0.8444, 0.8444]",1.0,5.0,5.0,False,0.6226
rag_only,tercero,8,abierta,110,211,0.0474,11,comunidad|conoci|conocimiento|gente|justicia|miedo|mil|militar|militares|paramilitares|violencia,0.2687,0.3611,0.0,0.0,0.8369,"[0.8467, 0.8377, 0.8367, 0.8367, 0.8267]",1.0,5.0,5.0,False,0.6091
rag_only,tercero,9,cerrada,137,226,0.0575,14,actores|armado|armados|conoci|conocimiento|estado|fuerza|grupos|importante|miedo|rio|seguridad|violencia|zona,0.3077,0.5625,0.5,0.0,0.8302,"[0.843, 0.8427, 0.8306, 0.8191, 0.8154]",1.0,5.0,5.0,False,0.5912
rag_only,tercero,10,confrontativa,105,268,0.041,10,gente|gobierno|guerra|institucion|masacre|miedo|paz|personas|tema|violencia,0.3607,0.3478,0.6667,0.3333,0.8429,"[0.8539, 0.8477, 0.8432, 0.8393, 0.8304]",1.0,5.0,5.0,False,0.6095
rag_only,tercero,11,confrontativa,108,246,0.0325,6,comunidad|decision|frente|justicia|miedo|violencia,0.371,0.3182,0.2,0.6,0.8467,"[0.8539, 0.8488, 0.8488, 0.8421, 0.8401]",1.0,5.0,5.0,False,0.5926
rag_only,tercero,12,abierta,91,267,0.0524,22,armado|armados|ciudad|comunidad|comunidades|conflicto|conoci|conocimiento|estado|estrategia|familia|gente|grupos|guerra|impacto|justicia|masacre|mil|personas|proceso|procesos|violencia,0.6038,0.6154,0.3333,0.6667,0.8619,"[0.8758, 0.8658, 0.8629, 0.8574, 0.8474]",1.0,5.0,5.0,False,0.6044
rag_only,tercero,13,abierta,95,205,0.0439,8,comunidad|desplazamiento|justicia|masacre|memoria|proceso|sociedad|violencia,0.4211,0.3077,0.25,0.4,0.839,"[0.8396, 0.8396, 0.8394, 0.8382, 0.8382]",1.0,5.0,5.0,False,0.6
rag_only,victima,1,cerrada,127,120,0.075,11,amenazas|familia|familias|guerrilla|miedo|militar|paramilitares|temor|tierra|vereda|violencia,0.1449,0.2353,0.0,0.0,0.844,"[0.8721, 0.8479, 0.8335, 0.8335, 0.8331]",1.0,5.0,5.0,False,0.5591
rag_only,victima,2,abierta,173,143,0.0909,15,armado|armados|campo|comunidad|gente|grupos|hijo|hijos|paz|recuerdo|reunion|tierra|vereda|violencia|vivir,0.1809,0.25,0.0,0.1429,0.8137,"[0.8515, 0.8205, 0.8135, 0.7938, 0.7891]",1.0,5.0,5.0,False,0.5549
rag_only,victima,3,abierta,150,188,0.0745,17,armado|armados|desplazamiento|familia|familias|grupos|hijo|hijos|matan|miedo|momento|muerte|personas|recuerdo|vereda|violencia|vivido,0.2326,0.2308,0.3333,0.0,0.8194,"[0.8353, 0.8249, 0.8175, 0.8126, 0.8066]",1.0,5.0,5.0,False,0.5933
rag_only,victima,4,cerrada,150,189,0.0582,13,amenazas|armado|armados|comunidad|desplazamiento|familia|familiar|grupos|miedo|recuerdo|rio|temor|violencia,0.2,0.4545,0.0,0.0,0.8324,"[0.8434, 0.8343, 0.8312, 0.8284, 0.8246]",1.0,5.0,5.0,False,0.56
rag_only,victima,5,abierta,165,175,0.0457,12,comunidad|duro|gente|hijo|hijos|mujer|mujeres|rio|territorio|verdad|vive|vivir,0.3333,0.3333,0.1667,0.2,0.8249,"[0.8312, 0.8275, 0.8245, 0.8222, 0.8189]",1.0,5.0,5.0,False,0.6182
rag_only,victima,6,abierta,144,189,0.0529,10,armado|armados|desplazamiento|grupos|guerrilla|llegamos|matan|miedo|paso|vivido,0.2532,0.2917,0.0,0.1429,0.8194,"[0.8275, 0.8259, 0.8215, 0.8122, 0.8097]",1.0,5.0,5.0,False,0.5764
rag_only,victima,7,abierta,102,192,0.0469,15,ayuda|comunidad|desplazamiento|duro|familia|gente|hijo|hijos|mal|momento|quedaron|recuerdo|vive|vivido|zona,0.4769,0.381,0.3333,0.6,0.8444,"[0.8614, 0.843, 0.843, 0.8415, 0.833]",1.0,5.0,5.0,False,0.6471
rag_only,victima,8,abierta,125,151,0.0199,6,ayuda|mientras|momento|paz|verdad|vivido,0.2817,0.1,0.1429,0.6667,0.8408,"[0.8605, 0.8392, 0.837, 0.8358, 0.8316]",1.0,5.0,5.0,False,0.608
rag_only,victima,9,abierta,208,184,0.0489,9,conflicto|matar|momento|muerte|recuerdo|temor|tierra|tierras|vereda,0.2696,0.3333,0.0,0.0909,0.8313,"[0.8645, 0.8242, 0.824, 0.8221, 0.8216]",1.0,5.0,5.0,False,0.5625
rag_only,victima,10,confrontativa,139,178,0.0899,15,armado|armados|familia|gente|grupos|guerrilla|matan|miedo|momento|muerto|muertos|tierra|usted|vereda|violencia,0.3803,0.4054,0.0,0.1429,0.8431,"[0.8517, 0.8429, 0.8418, 0.8398, 0.8391]",1.0,5.0,5.0,False,0.5468
rag_only,victima,11,confrontativa,107,180,0.0722,10,armado|armados|comunidad|conflicto|familia|familias|grupos|miedo|noche|violencia,0.1525,0.1613,0.0,0.5,0.85,"[0.8639, 0.8639, 0.8451, 0.8428, 0.8344]",1.0,5.0,5.0,False,0.5888
rag_only,victima,12,confrontativa,93,195,0.0821,18,armado|armados|denuncia|familia|gente|grupos|matan|miedo|paz|rio|tema|temor|territorio|verdad|vereda|violencia|vivir|zona,0.3019,0.55,0.0,0.2,0.8378,"[0.856, 0.8459, 0.8299, 0.8286, 0.8286]",1.0,5.0,5.0,False,0.5806
rag_only,victima,13,abierta,166,203,0.0443,6,muerto|muertos|paso|rio|verdad|vivido,0.1758,0.2203,0.0,0.2,0.8253,"[0.8373, 0.8291, 0.8276, 0.8164, 0.8163]",1.0,5.0,5.0,False,0.5482
rag_only,victimario,1,abierta,102,193,0.0415,11,arma|armada|comunidad|conflicto|familia|grupo|mando|momento|proceso|unidad|violencia,0.3559,0.2941,0.0,0.1429,0.8239,"[0.8297, 0.8287, 0.8236, 0.8203, 0.8171]",1.0,5.0,5.0,False,0.6078
rag_only,victimario,2,abierta,112,210,0.0286,9,arma|armada|comunidad|grupo|momento|organizacion|proceso|reclutamiento|unidad,0.2381,0.3684,0.0,0.0,0.8332,"[0.8452, 0.8387, 0.8382, 0.8234, 0.8203]",1.0,5.0,5.0,False,0.6161
rag_only,victimario,3,cerrada,95,163,0.0429,10,entrenamiento|familia|grupo|militar|militares|momento|operacion|operaciones|proceso|unidad,0.2931,0.3,0.25,0.3333,0.8333,"[0.8414, 0.8388, 0.8296, 0.829, 0.8279]",1.0,5.0,5.0,False,0.6737
rag_only,victimario,4,abierta,149,214,0.0327,11,comandante|comandantes|combate|entrenamiento|familia|grupo|militar|momento|operacion|operaciones|unidad,0.2889,0.2353,0.25,0.6,0.8464,"[0.8537, 0.8495, 0.8446, 0.8431, 0.841]",1.0,5.0,5.0,False,0.6107
rag_only,victimario,5,abierta,106,201,0.0547,15,arma|armas|civil|combate|combatiente|combatientes|comunidad|conflicto|enemigo|familia|grupo|momento|toma|unidad|zona,0.2154,0.1481,0.0,0.0,0.8033,"[0.8037, 0.8029]",1.0,2.0,2.0,False,0.6604
rag_only,victimario,6,abierta,113,234,0.0385,9,civil|comandante|comunidad|conflicto|enemigo|grupo|guerra|momento|unidad,0.2727,0.2,0.2857,0.2,0.8488,"[0.8573, 0.8508, 0.8445, 0.8426]",1.0,4.0,4.0,False,0.5929
rag_only,victimario,7,confrontativa,124,195,0.0308,6,combate|enemigo|entrenamiento|grupo|mando|momento,0.2208,0.2564,0.0,0.0,0.8387,"[0.8457, 0.8426, 0.8397, 0.8349, 0.8304]",1.0,5.0,5.0,False,0.6371
rag_only,victimario,8,abierta,120,213,0.0469,12,civil|comunidad|conflicto|desplazados|familia|guerra|militar|militares|momento|paz|toma|unidad,0.3571,0.1071,0.3333,0.25,0.829,"[0.8374, 0.8206]",1.0,2.0,2.0,False,0.5917
rag_only,victimario,9,confrontativa,138,162,0.0247,7,comunidad|guerra|militar|militares|proceso|unidad|violencia,0.2558,0.1429,0.2,0.5,0.8262,"[0.8371, 0.8284, 0.8244, 0.8219, 0.8191]",1.0,5.0,5.0,False,0.6232
rag_only,victimario,10,abierta,97,194,0.0567,13,civil|conflicto|gente|grupo|guerra|hostigamiento|milicias|momento|operacion|operaciones|paz|proceso|violencia,0.3051,0.3,0.0,0.0,0.8311,"[0.8348, 0.8345, 0.8315, 0.8273, 0.8272]",1.0,5.0,5.0,False,0.6289
rag_only,victimario,11,confrontativa,97,219,0.0183,5,comunidad|conflicto|momento|tropa|unidad,0.2154,0.1176,0.4,0.4,0.7839,"[0.7939, 0.7791, 0.7787]",1.0,3.0,3.0,False,0.7216
rag_only,victimario,12,abierta,106,242,0.0372,7,civil|comunidad|desplazamiento|farc|fuerza|proceso|unidad,0.3226,0.3077,0.25,0.1429,0.8302,"[0.8388, 0.8388, 0.8332, 0.8204, 0.8197]",1.0,5.0,5.0,False,0.6132
rag_only,victimario,13,abierta,92,184,0.0217,5,comunidad|farc|momento|paz|unidad,0.3333,0.4286,0.25,0.4286,0.8076,"[0.8127, 0.8081, 0.8051, 0.8047]",1.0,4.0,4.0,False,0.6196
